SALE TYPE,SOLD DATE,PROPERTY TYPE,ADDRESS,CITY,STATE OR PROVINCE,ZIP OR POSTAL CODE,PRICE,BEDS,BATHS,LOCATION,SQUARE FEET,LOT SIZE,YEAR BUILT,DAYS ON MARKET,$/SQUARE FEET,HOA/MONTH,STATUS,NEXT OPEN HOUSE START TIME,NEXT OPEN HOUSE END TIME,URL (SEE http://www.redfin.com/buy-a-home/comparative-market-analysis FOR INFO ON PRICING),SOURCE,MLS#,FAVORITE,INTERESTED,LATITUDE,LONGITUDE
PAST SALE,February-26-2020,Single Family Residential,21531 Jefferson Beach Rd NE,Kingston,WA,98346,440005,3,1.75,Kingston,1759,23522,1992,193,250,13,Sold,,,http://www.redfin.com/WA/Kingston/21531-Jefferson-Beach-Rd-NE-98346/home/2374960,NWMLS,1559303,N,Y,47.7576483,-122.4774738
PAST SALE,July-12-2019,Single Family Residential,22096 Brambly Pl NE,Kingston,WA,98346,869000,4,3,Kingston,4326,218236,2007,422,201,,Sold,,,http://www.redfin.com/WA/Kingston/22096-Brambly-Pl-NE-98346/home/11762552,NWMLS,1447044,N,Y,47.7630317,-122.4801825
PAST SALE,July-12-2019,Single Family Residential,24610 Taree Blvd NE,Kingston,WA,98346,660000,2,2.5,Kingston,2423,13068,1981,422,272,13,Sold,,,http://www.redfin.com/WA/Kingston/24610-Taree-Blvd-NE-98346/home/2369421,NWMLS,1455349,N,Y,47.7865472,-122.5007883
PAST SALE,November-15-2018,Single Family Residential,27503 Serene Dr NE,Kingston,WA,98346,269900,3,2,Gamblewood,1138,10019,1991,661,237,4,Sold,,,http://www.redfin.com/WA/Kingston/27503-Serene-Dr-NE-98346/home/2366446,NWMLS,1352293,N,Y,47.8123634,-122.5756204
PAST SALE,June-26-2019,Single Family Residential,5421 NE Gamblewood Rd,Kingston,WA,98346,305000,3,2,Gamblewood,1504,10890,2005,438,203,,Sold,,,http://www.redfin.com/WA/Kingston/5421-NE-Gamblewood-Rd-98346/home/2366353,NWMLS,1481642,N,Y,47.8130731,-122.5762321
PAST SALE,January-15-2019,Vacant Land,Seatter Rd NE,Kingston,WA,98346,105000,0,,President Point,,110642,,600,,,Sold,,,http://www.redfin.com/WA/Kingston/Seatter-Rd-NE-98346/unit-2/home/18901613,NWMLS,1346950,N,Y,47.759363,-122.487471
PAST SALE,October-3-2018,Vacant Land,12279 NE South Villa Dr Ct,Kingston,WA,98346,90000,0,,Jefferson Beach,,15682,,704,,,Sold,,,http://www.redfin.com/WA/Kingston/12279-NE-South-Villa-Dr-98346/home/147483720,NWMLS,1372475,N,Y,47.776343,-122.486398
PAST SALE,December-31-2018,Vacant Land,Bodine Rd,Hansville,WA,98340,50000,0,,Eglon,,110207,,615,,,Sold,,,http://www.redfin.com/WA/Hansville/Bodine-Rd-NE-98346/home/22092295,NWMLS,742026,N,Y,47.872952,-122.523827
PAST SALE,June-28-2019,Single Family Residential,21829 Virginia Pl NE,Kingston,WA,98346,395000,3,1.75,Jefferson Beach,1368,23087,1991,436,289,10,Sold,,,http://www.redfin.com/WA/Kingston/21829-Virginia-Pl-NE-98346/home/2375496,NWMLS,1463720,N,Y,47.7605128,-122.479421
PAST SALE,July-31-2019,Vacant Land,21356 Jefferson Beach Rd NE,Kingston,WA,98346,85000,0,,Jefferson Beach,,20038,,403,,,Sold,,,http://www.redfin.com/WA/Kingston/21356-Jefferson-Beach-Rd-NE-98346/home/21627824,NWMLS,1480627,N,Y,47.756229,-122.477403
PAST SALE,June-14-2019,Single Family Residential,22843 Tranquility Pl NE,Kingston,WA,98346,721200,2,2.25,Kingston,2508,46174,2010,450,288,75,Sold,,,http://www.redfin.com/WA/Kingston/22843-Tranquility-Pl-NE-98346/home/12099308,NWMLS,1437349,N,Y,47.7699966,-122.5244933
PAST SALE,July-30-2019,Single Family Residential,21775 Virginia Pl NE,Kingston,WA,98346,395000,3,1.75,Jefferson Beach,1368,23087,1991,404,289,9,Sold,,,http://www.redfin.com/WA/Kingston/21775-Virginia-Pl-NE-98346/home/2375500,NWMLS,1469603,N,Y,47.760262,-122.4793988
PAST SALE,October-5-2018,Single Family Residential,2778 NE Alderwood Lane,Kingston,WA,98346,525000,3,1.75,President Point,2218,44867,1979,702,237,,Sold,,,http://www.redfin.com/WA/Kingston/2778-NE-Alderwood-Ln-98346/home/2142735,NWMLS,1331646,N,Y,47.7693442,-122.4851946
PAST SALE,May-29-2019,Single Family Residential,22852 Indianola Rd NE,Poulsbo,WA,98370,369000,3,1.75,Indianola,1886,45302,1974,466,196,,Sold,,,http://www.redfin.com/WA/Poulsbo/22852-Indianola-Rd-NE-98370/home/2161678,NWMLS,1390211,N,Y,47.769495,-122.553981
PAST SALE,February-14-2019,Single Family Residential,10565 NE Cummings Ct,Kingston,WA,98346,498000,3,2.5,President Point,2442,216493,2004,570,204,,Sold,,,http://www.redfin.com/WA/Kingston/10565-NE-Cummings-Ct-98346/home/2534239,NWMLS,1385322,N,Y,47.7666744,-122.5058865
PAST SALE,May-21-2019,Single Family Residential,12633 NE Paul Dr,Kingston,WA,98346,380500,3,1.75,Jefferson Beach,1226,36591,1993,474,310,9,Sold,,,http://www.redfin.com/WA/Kingston/12633-NE-Paul-Dr-98346/home/2374319,NWMLS,1446637,N,Y,47.748677,-122.4795427
PAST SALE,October-3-2018,Townhouse,10595 NE Kingston Meadow Cir Unit 28-3,Kingston,WA,98346,259000,3,2.5,Kingston,1329,,2004,704,195,337,Sold,,,http://www.redfin.com/WA/Kingston/10595-NE-Kingston-Meadow-Cir-98346/unit-28-3/home/147401801,NWMLS,1370869,N,Y,47.8065534,-122.5054899
PAST SALE,October-24-2018,Single Family Residential,25719 Seabrook Place NE,Kingston,WA,98346,495000,3,2.5,Kingston,1860,7405,2018,683,266,,Sold,,,http://www.redfin.com/WA/Kingston/25719-Seabrook-Pl-NE-98346/home/143241110,NWMLS,1241729,N,Y,47.7966361,-122.5103083
PAST SALE,January-25-2019,Single Family Residential,11080 NE 272nd St,Kingston,WA,98346,380000,3,2,Kingston,1728,43560,1918,590,220,,Sold,,,http://www.redfin.com/WA/Kingston/11080-NE-272nd-St-98346/home/2253194,NWMLS,1381097,N,Y,47.8097448,-122.5008937
PAST SALE,January-18-2019,Single Family Residential,27069 Meadow Cir NE,Kingston,WA,98346,260000,3,1.75,Gamblewood,1088,11761,1991,597,239,5,Sold,,,http://www.redfin.com/WA/Kingston/27069-Meadow-Cir-NE-98346/home/2366135,NWMLS,1386196,N,Y,47.8086276,-122.5746415
PAST SALE,June-12-2019,Single Family Residential,11053 NE Oregon St,Kingston,WA,98346,615000,4,3,Kingston,3540,6311,2005,452,174,,Sold,,,http://www.redfin.com/WA/Kingston/11053-NE-Oregon-St-98346/home/2521820,NWMLS,1365343,N,Y,47.7996907,-122.5005783
PAST SALE,June-10-2019,Single Family Residential,26414 Kingsview Lp NE,Kingston,WA,98346,481000,4,2.75,Kingston,1948,7841,1986,454,247,,Sold,,,http://www.redfin.com/WA/Kingston/26414-Kingsview-Loop-NE-98346/home/2370348,NWMLS,1440794,N,Y,47.8027437,-122.4974617
PAST SALE,June-28-2019,Single Family Residential,26406 NE Barrett Rd,Kingston,WA,98346,320000,3,2,Kingston,1105,5663,2003,436,290,,Sold,,,http://www.redfin.com/WA/Kingston/26406-Barrett-Rd-NE-98346/home/2522157,NWMLS,1452795,N,Y,47.8013135,-122.5084863
PAST SALE,November-16-2018,Townhouse,10588 NE Kingston Meadow Circle Unit 43-4,Kingston,WA,98346,243500,3,2.5,Kingston,1278,,2003,660,191,339,Sold,,,http://www.redfin.com/WA/Kingston/10588-NE-Kingston-Meadow-Cir-98346/unit-43-4/home/147814404,NWMLS,1369478,N,Y,47.8065334,-122.5059456
PAST SALE,,Single Family Residential,26443 GRAVITY Ave NE,Kingston,WA,98346,484350,4,3.5,,2075,4356,2017,,233,,,,,http://www.redfin.com/WA/Kingston/26443-GRAVITY-Ave-NE-98346/home/113029524,,,N,Y,47.802637,-122.4991379
PAST SALE,February-13-2019,Condo/Co-op,26291 Pennsylvania Ave NE,Kingston,WA,98346,375000,2,1.75,Kingston,1318,,1995,571,285,380,Sold,,,http://www.redfin.com/WA/Kingston/26291-NE-Pennsylvania-Ave-98346/unit-104/home/2512576,NWMLS,1412246,N,Y,47.8019642,-122.4974792
PAST SALE,July-25-2019,Single Family Residential,10714 NE Dawson Way,Kingston,WA,98346,339000,3,2,Kingston,1306,4356,2018,409,260,15,Sold,,,http://www.redfin.com/WA/Kingston/10714-NE-Dawson-Way-98346/home/110249126,NWMLS,1476109,N,Y,47.8028331,-122.5080084
PAST SALE,June-26-2019,Single Family Residential,26419 Apple Jack Ln NE,Kingston,WA,98346,365000,3,2.5,Kingston,1508,3920,2001,438,242,50,Sold,,,http://www.redfin.com/WA/Kingston/26419-Apple-Jack-Ln-NE-98346/home/2520728,NWMLS,1445945,N,Y,47.8025924,-122.5076759
PAST SALE,October-31-2018,Single Family Residential,5645 NE Gamblewood Rd,Kingston,WA,98346,299700,3,1.75,Gamblewood,1520,9148,1994,676,197,4,Sold,,,http://www.redfin.com/WA/Kingston/5645-NE-Gamblewood-Rd-98346/home/2365235,NWMLS,1360600,N,Y,47.8130596,-122.5732949
PAST SALE,July-12-2019,Single Family Residential,5910 NE Gamblewood Rd,Kingston,WA,98346,285000,2,1.75,Gamblewood,1296,10019,1993,422,220,5,Sold,,,http://www.redfin.com/WA/Kingston/5910-NE-Gamblewood-Rd-98346/home/2365114,NWMLS,1462323,N,Y,47.8147584,-122.5697115
PAST SALE,,Single Family Residential,27828 McIntosh Loop NE,Kingston,WA,98346,550000,4,2.5,,2430,19602,2018,,226,,,,,http://www.redfin.com/WA/Kingston/27828-McIntosh-Loop-NE-98346/home/102835745,,,N,Y,47.8143421,-122.5011025
PAST SALE,March-5-2019,Vacant Land,8 South Villa Dr,Kingston,WA,98346,140000,0,,President Point,,63598,,551,,,Sold,,,http://www.redfin.com/WA/Unknown/8-NE-South-Villa-Dr-98346/home/160600980,NWMLS,1419198,N,Y,47.776742,-122.4851
PAST SALE,December-4-2018,Vacant Land,12661 NE Paul Dr,Kingston,WA,98346,90000,0,,Jefferson Beach,,23087,,642,,,Sold,,,http://www.redfin.com/WA/Kingston/12661-NE-Paul-Dr-98346/home/2374315,NWMLS,1385295,N,Y,47.7486824,-122.4789155
PAST SALE,June-21-2019,Single Family Residential,23881 Newell Ln NE,Kingston,WA,98346,451000,3,2.25,Kingston,1786,20473,1977,443,253,,Sold,,,http://www.redfin.com/WA/Kingston/23881-Newell-Ln-NE-98346/home/2378312,NWMLS,1458983,N,Y,47.7789848,-122.4899136
PAST SALE,October-17-2018,Single Family Residential,23620 S Kingston Rd NE,Kingston,WA,98346,347000,3,2.25,Kingston,1440,343688,1926,690,241,,Sold,,,http://www.redfin.com/WA/Kingston/23620-S-Kingston-Rd-NE-98346/home/146883010,NWMLS,1350565,N,Y,47.7765954,-122.5013218
PAST SALE,February-14-2019,Single Family Residential,24410 Andorra Ct NE,Kingston,WA,98346,380000,3,2.5,Kingston,1792,10890,1978,570,212,10,Sold,,,http://www.redfin.com/WA/Kingston/24410-Andorra-Ct-NE-98346/home/2369690,NWMLS,1385513,N,Y,47.7817634,-122.5025827
PAST SALE,September-27-2018,Single Family Residential,35040 Little Boston Rd NE,Kingston,WA,98346,580000,4,2.5,Eglon,2584,220414,1991,710,224,,Sold,,,http://www.redfin.com/WA/Kingston/35040-Little-Boston-Rd-NE-98346/home/2293774,NWMLS,1348798,N,Y,47.8711485,-122.545833
PAST SALE,July-2-2019,Condo/Co-op,26325 Illinois Ave NE #200,Kingston,WA,98346,245000,2,1.75,Kingston,1030,,1994,432,238,390,Sold,,,http://www.redfin.com/WA/Kingston/26325-Illinois-Ave-NE-98346/unit-200/home/167094436,NWMLS,1470740,N,Y,47.8017077,-122.4945909
PAST SALE,July-17-2019,Single Family Residential,27349 Gamble Bay Rd NE,Kingston,WA,98346,350000,4,2.5,Gamblewood,2035,10019,2007,417,172,,Sold,,,http://www.redfin.com/WA/Kingston/27349-Gamble-Bay-Rd-NE-98346/home/12098745,NWMLS,1433208,N,Y,47.8110221,-122.5744222
PAST SALE,June-10-2019,Single Family Residential,10139 Berry St NE,Kingston,WA,98346,539850,3,2.5,Kingston,2284,100188,2001,454,236,,Sold,,,http://www.redfin.com/WA/Kingston/10139-NE-Berry-St-98346/home/2368070,NWMLS,1446427,N,Y,47.8163028,-122.5136662
PAST SALE,January-15-2019,Single Family Residential,31245 Ludlow Dr NE,Kingston,WA,98346,535000,3,2.5,Eglon,3146,13504,1991,600,170,,Sold,,,http://www.redfin.com/WA/Kingston/31245-Ludlow-Dr-NE-98346/home/2368815,NWMLS,1342686,N,Y,47.8455987,-122.5086119
PAST SALE,October-12-2018,Single Family Residential,7880 NE Miss Hailey Lp,Kingston,WA,98346,500000,3,2.5,Kingston,2136,47045,2003,695,234,,Sold,,,http://www.redfin.com/WA/Kingston/7880-NE-Miss-Hailey-Loop-98346/home/2517518,NWMLS,1348967,N,Y,47.8135843,-122.5328833
PAST SALE,December-28-2018,Single Family Residential,27056 Woodside Rd NE,Kingston,WA,98346,270000,3,2.5,Gamblewood,1394,9148,1980,618,194,,Sold,,,http://www.redfin.com/WA/Kingston/27056-Woodside-Rd-NE-98346/home/2365991,NWMLS,1388506,N,Y,47.8082624,-122.5726755
PAST SALE,January-2-2019,Vacant Land,12 Lot State Hwy. 104 NE,Kingston,WA,98346,145000,0,,Kingston,,14810,,613,,,Sold,,,http://www.redfin.com/WA/Kingston/12-WA-104-98346/home/146955655,NWMLS,1354677,N,Y,47.804676,-122.5712023
PAST SALE,June-17-2019,Single Family Residential,5693 NE Gamblewood Rd,Kingston,WA,98346,289000,3,2,Gamblewood,1214,10890,1999,447,238,4,Sold,,,http://www.redfin.com/WA/Kingston/5693-NE-Gamblewood-Rd-98346/home/2365365,NWMLS,1446124,N,Y,47.8137404,-122.5723724
PAST SALE,March-11-2019,Single Family Residential,5839 NE Gamblewood Rd,Kingston,WA,98346,245000,3,1.75,Gamblewood,1320,9148,1972,545,186,5,Sold,,,http://www.redfin.com/WA/Kingston/5839-NE-Gamblewood-Rd-98346/home/2365317,NWMLS,1391283,N,Y,47.8143762,-122.5706432
PAST SALE,September-27-2018,Single Family Residential,26424 NE Barrett Rd,Kingston,WA,98346,351000,5,2.75,Kingston,2000,5663,2002,710,176,,Sold,,,http://www.redfin.com/WA/Kingston/26424-Barrett-Rd-NE-98346/home/2522168,NWMLS,1311741,N,Y,47.8008283,-122.5083882
PAST SALE,January-14-2019,Vacant Land,31571 Night Owl Ave NE,Kingston,WA,98346,115000,0,,Kingston,,217800,,601,,,Sold,,,http://www.redfin.com/WA/Kingston/31571-Night-Owl-Ave-NE-98346/home/103947681,NWMLS,1396976,N,Y,47.8486678,-122.5310101
PAST SALE,September-25-2018,Mobile/Manufactured Home,27667 NE Woodside Rd,Kingston,WA,98346,233000,2,2,Gamblewood,1430,10019,2005,712,163,5,Sold,,,http://www.redfin.com/WA/Kingston/27667-Woodside-Rd-NE-98346/home/2365302,NWMLS,1350255,N,Y,47.8139272,-122.5696176
PAST SALE,December-5-2018,Single Family Residential,27527 Serene Dr NE,Kingston,WA,98346,309000,3,2,Gamblewood,1832,10019,1994,641,169,4,Sold,,,http://www.redfin.com/WA/Kingston/27527-Serene-Dr-NE-98346/home/2366450,NWMLS,1365069,N,Y,47.8125533,-122.5755647
PAST SALE,April-26-2019,Single Family Residential,25681 School House Pl NE,Kingston,WA,98346,345000,3,2,Kingston,1300,6534,2018,499,265,20,Sold,,,http://www.redfin.com/WA/Kingston/25681-School-House-Pl-NE-Unknown/home/160411277,NWMLS,1405989,N,Y,47.795837,-122.515654
PAST SALE,October-31-2018,Single Family Residential,30165 Gamble Place NE,Kingston,WA,98346,713000,2,1.75,Kingston,1623,52272,1997,676,439,,Sold,,,http://www.redfin.com/WA/Kingston/30165-Gamble-Pl-NE-98346/home/2364674,NWMLS,1346801,N,Y,47.8363719,-122.5659325
PAST SALE,February-8-2019,Single Family Residential,31510 Night Owl Ave NE,Kingston,WA,98346,559900,4,2.25,Kingston,2591,217800,1999,576,216,17,Sold,,,http://www.redfin.com/WA/Kingston/31510-Night-Owl-Ave-NE-98346/home/2193424,NWMLS,1397741,N,Y,47.849715,-122.5265339
PAST SALE,July-1-2019,Single Family Residential,27804 McIntosh Lp NE,Kingston,WA,98346,575000,3,2.5,Kingston,2068,19602,2018,433,278,,Sold,,,http://www.redfin.com/WA/Kingston/27804-McIntosh-Loop-NE-98346/home/102836416,NWMLS,1366411,N,Y,47.8149453,-122.5011094
PAST SALE,May-15-2019,Mobile/Manufactured Home,29526 Gamble Pl NE,Kingston,WA,98346,235000,3,2,Kingston,1432,72745,1978,480,164,,Sold,,,http://www.redfin.com/WA/Kingston/29526-Gamble-Pl-NE-98346/home/160490067,NWMLS,1411740,N,Y,47.8305663,-122.5660507
PAST SALE,July-16-2019,Single Family Residential,26413 Apple Jack Ln NE,Kingston,WA,98346,364500,3,2.5,Kingston,1508,3485,2001,418,242,50,Sold,,,http://www.redfin.com/WA/Kingston/26413-Apple-Jack-Ln-NE-98346/home/2520690,NWMLS,1465694,N,Y,47.8024787,-122.5076611
PAST SALE,January-24-2019,Vacant Land,9615 NE Dronawood Dr,Kingston,WA,98346,35000,0,,Kingston,,113692,,591,,,Sold,,,http://www.redfin.com/WA/Kingston/9615-NE-Dronawood-Dr-98346/home/160360225,NWMLS,1406636,N,Y,47.827967,-122.518891
PAST SALE,September-7-2018,Single Family Residential,27920 Parcells Rd NE,Kingston,WA,98346,50000,1,0.5,Kingston,43560,43560,1968,730,1,,Sold,,,http://www.redfin.com/WA/Kingston/27920-Parcells-Rd-NE-98346/home/2368250,NWMLS,1325990,N,Y,47.8151451,-122.5188765
PAST SALE,July-23-2019,Condo/Co-op,26435 NE Pennsylvania Ave #52,Kingston,WA,98346,189900,2,1,Kingston,890,,1981,411,213,239,Sold,,,http://www.redfin.com/WA/Kingston/26435-NE-Pennsylvania-Ave-98346/unit-52/home/2509236,NWMLS,1473976,N,Y,47.8027281,-122.4961743
PAST SALE,November-2-2018,Mobile/Manufactured Home,28500 Einar Carlson Lane NE,Kingston,WA,98346,435000,3,2,Kingston,2279,217800,2003,674,191,,Sold,,,http://www.redfin.com/WA/Kingston/28500-Einar-Carlson-Ln-NE-98346/home/2253022,NWMLS,1344645,N,Y,47.822434,-122.5157111
PAST SALE,June-20-2019,Single Family Residential,34712 Pilot Point Rd NE,Kingston,WA,98346,992000,3,2.75,Eglon,2711,117612,1989,444,366,,Sold,,,http://www.redfin.com/WA/Kingston/34712-Pilot-Point-Rd-NE-98346/home/2305523,NWMLS,1457033,N,Y,47.8776039,-122.5153029
PAST SALE,April-26-2019,Single Family Residential,34579 Hood Canal Dr NE,Kingston,WA,98346,540000,2,1.75,Kingston,1680,38333,1970,499,321,,Sold,,,http://www.redfin.com/WA/Kingston/34579-Hood-Canal-Dr-NE-98346/home/2357406,NWMLS,1365890,N,Y,47.8773753,-122.5733144
PAST SALE,April-8-2019,Vacant Land,9762 NE Norheim Way,Kingston,WA,98346,211500,0,,Eglon,,56192,,517,,,Sold,,,http://www.redfin.com/WA/Kingston/9762-Norheim-Way-98346/home/108293976,NWMLS,971917,N,Y,47.869163,-122.5164192
PAST SALE,February-22-2019,Vacant Land,LotA&B Hansville Rd NE,Kingston,WA,98346,179900,0,,Kingston,,207781,,562,,,Sold,,,http://www.redfin.com/WA/Kingston/LotA-B-Hansville-Rd-NE-98346/home/146269781,NWMLS,1328593,N,Y,47.814555,-122.542341
PAST SALE,November-5-2018,Single Family Residential,25108 + Lot 17 Taka Lane NE,Kingston,WA,98346,599000,3,2.25,Kingston,2374,435600,1990,671,252,,Sold,,,http://www.redfin.com/WA/Kingston/25108-Taka-Ln-NE-98346/home/2293525,NWMLS,1366562,N,Y,47.791306,-122.5561009
PAST SALE,July-22-2019,Single Family Residential,27816 McIntosh Lp NE,Kingston,WA,98346,624900,3,2.5,Kingston,2257,19602,2018,412,277,45,Sold,,,http://www.redfin.com/WA/Kingston/27816-McIntosh-Loop-NE-98346/home/102835942,NWMLS,1391692,N,Y,47.8146437,-122.5011058
PAST SALE,December-31-2018,Mobile/Manufactured Home,26093 Barrett Rd NE,Kingston,WA,98346,143000,1,1,Kingston,396,6098,1982,615,361,,Sold,,,http://www.redfin.com/WA/Kingston/26093-Barrett-Rd-NE-98346/home/2263878,NWMLS,1366098,N,Y,47.7991245,-122.5075556
PAST SALE,May-22-2019,Single Family Residential,26204 Montera Lp NE,Kingston,WA,98346,385000,3,2.5,Kingston,1797,11326,1993,473,214,9,Sold,,,http://www.redfin.com/WA/Kingston/26204-Montera-Loop-NE-98346/home/2479272,NWMLS,1417951,N,Y,47.7986773,-122.5097444
PAST SALE,October-8-2018,Single Family Residential,26290 Ohio Ave NE,Kingston,WA,98346,530000,3,1.5,Kingston,2192,17424,1932,699,242,,Sold,,,http://www.redfin.com/WA/Kingston/26290-Ohio-Ave-NE-98346/home/2367417,NWMLS,1353594,N,Y,47.8015883,-122.4930308
PAST SALE,May-15-2019,Single Family Residential,27637 McIntosh Lp NE,Kingston,WA,98346,620000,4,2.75,Kingston,2690,20000,2016,480,230,45,Sold,,,http://www.redfin.com/WA/Kingston/27637-McIntosh-Loop-NE-98346/home/25707492,NWMLS,1407548,N,Y,47.8146075,-122.5030999
PAST SALE,February-4-2019,Single Family Residential,26457 Gravity Ave NE,Kingston,WA,98346,415000,4,2.5,Kingston,2770,3200,2017,580,150,25,Sold,,,http://www.redfin.com/WA/Unknown/S-Kitsap-Ave-NE-98346/home/145748963,NWMLS,1086394,N,Y,47.802484,-122.498899
PAST SALE,January-8-2019,Single Family Residential,26278 Leyman Lane NE,Kingston,WA,98346,410000,3,2.5,Kingston,1590,40946,1995,607,258,,Sold,,,http://www.redfin.com/WA/Kingston/26278-Leyman-Ln-NE-98346/home/2268731,NWMLS,1380745,N,Y,47.8017124,-122.5329978
PAST SALE,December-18-2018,Single Family Residential,10624 Dry Creek Way NE,Kingston,WA,98346,479500,4,2.5,Kingston,2808,37897,1998,628,171,,Sold,,,http://www.redfin.com/WA/Kingston/10624-NE-Dry-Creek-Way-98346/home/2305395,NWMLS,1369555,N,Y,47.7858934,-122.5059922
PAST SALE,December-19-2018,Single Family Residential,25720 Seabrook Place NE,Kingston,WA,98346,575000,3,2.5,Kingston,2254,12632,2018,627,255,,Sold,,,http://www.redfin.com/WA/Kingston/25720-Seabrook-Pl-NE-98346/home/143241108,NWMLS,1323724,N,Y,47.7966279,-122.5095676
PAST SALE,March-31-2020,Mobile/Manufactured Home,26220 Port Gamble Rd NE,Kingston,WA,98346,335000,3,2,Kingston,1150,111514,2007,159,291,,Sold,,,http://www.redfin.com/WA/Kingston/26220-Port-Gamble-Rd-NE-98346/home/2277869,NWMLS,1566569,N,Y,47.8013278,-122.583549
PAST SALE,,Mobile/Manufactured Home,7251 NE Crawford Dr,Kingston,WA,98346,195000,,,,1736,98446,1983,,112,,,,,http://www.redfin.com/WA/Kingston/7251-NE-Crawford-Dr-98346/home/2293431,,,N,Y,47.793706,-122.550802
PAST SALE,,Mobile/Manufactured Home,5709 NE Woodburn Rd,Kingston,WA,98346,204831,,,,1620,9148,2018,,126,,,,,http://www.redfin.com/WA/Kingston/5709-NE-Woodburn-Rd-98346/home/2366588,,,N,Y,47.8120852,-122.572568
PAST SALE,,Mobile/Manufactured Home,5888 NE Timberland Dr,Kingston,WA,98346,97000,,,,924,9148,1983,,105,,,,,http://www.redfin.com/WA/Kingston/5888-NE-Timberland-Dr-98346/home/2365426,,,N,Y,47.8093857,-122.5702252
PAST SALE,,Mobile/Manufactured Home,9429 NE Timber Ln,Kingston,WA,98346,350000,,,,1782,110207,2000,,196,,,,,http://www.redfin.com/WA/Kingston/9429-NE-Timber-Ln-98346/home/2128384,,,N,Y,47.813557,-122.5232155
PAST SALE,December-17-2018,Single Family Residential,21434 President Point Rd NE,Kingston,WA,98346,730000,3,2.5,President Point,3355,23958,2004,629,218,,Sold,,,http://www.redfin.com/WA/Kingston/21434-President-Point-Rd-NE-98346/home/2378591,NWMLS,1370479,N,Y,47.756905,-122.473986
PAST SALE,November-12-2019,Vacant Land,21357 President Point Rd NE,Kingston,WA,98346,120000,0,,President Point,,56628,,299,,,Sold,,,http://www.redfin.com/WA/Kingston/21357-President-Point-Rd-NE-98346/home/161081552,NWMLS,1532237,N,Y,47.7567209,-122.4756353
PAST SALE,June-22-2020,Single Family Residential,24535 Madura Dr NE,Kingston,WA,98346,352495,3,1.5,Kingston,1536,26136,1969,76,229,30,Sold,,,http://www.redfin.com/WA/Kingston/24535-Madura-Dr-NE-98346/home/2369284,NWMLS,1567255,N,Y,47.7842847,-122.5037192
PAST SALE,May-15-2020,Single Family Residential,12239 South Villa Dr NE,Kingston,WA,98346,803129,2,3,Jefferson Beach,3016,14810,1966,114,266,,Sold,,,http://www.redfin.com/WA/Kingston/12239-NE-South-Villa-Dr-98346/home/2379530,NWMLS,1558225,N,Y,47.7763644,-122.4867847
PAST SALE,July-27-2020,Mobile/Manufactured Home,20441 Stephen Dr NE,Kingston,WA,98346,270000,2,2,Jefferson Beach,1152,17424,1978,41,234,9,Sold,,,http://www.redfin.com/WA/Kingston/20441-Stephen-Dr-NE-98346/home/2374587,NWMLS,1590069,N,Y,47.747758,-122.483423
PAST SALE,March-23-2020,Single Family Residential,25200 Norman Rd NE,Kingston,WA,98346,420000,2,2,Kingston,1644,52708,1966,167,255,,Sold,,,http://www.redfin.com/WA/Kingston/25200-Norman-Rd-NE-98346/home/2305140,NWMLS,1528381,N,Y,47.79056,-122.5193199
PAST SALE,August-21-2020,Vacant Land,1 Seatter Rd NE,Kingston,WA,98346,115000,0,,Kingston,,110642,,16,,,Sold,,,http://www.redfin.com/WA/Kingston/1-Seatter-Rd-NE-98346/home/172672593,NWMLS,1640874,N,Y,47.763177,-122.488308
PAST SALE,April-10-2020,Mobile/Manufactured Home,9251 NE Country Woods Ln,Kingston,WA,98346,340000,3,2,Eglon,1107,109336,2002,149,307,,Sold,,,http://www.redfin.com/WA/Kingston/9251-NE-Country-Woods-Ln-98346/home/113872630,NWMLS,1573703,N,Y,47.8549337,-122.5212157
PAST SALE,July-29-2020,Single Family Residential,34060 Hood Canal Dr NE,Kingston,WA,98346,495000,3,2.75,Kingston,3292,18731,1977,39,150,8,Sold,,,http://www.redfin.com/WA/Kingston/34060-Hood-Canal-Dr-NE-98346/home/2357213,NWMLS,1591379,N,Y,47.8718768,-122.5706771
PAST SALE,October-10-2019,Single Family Residential,31600 Night Owl Ave NE,Kingston,WA,98346,620000,4,1.75,Kingston,2460,217800,2004,332,252,,Sold,,,http://www.redfin.com/WA/Kingston/31600-Night-Owl-Ave-NE-98346/home/2193418,NWMLS,1468831,N,Y,47.850627,-122.526491
PAST SALE,June-22-2020,Vacant Land,31567 Old Hansville Rd NE,Kingston,WA,98346,150000,0,,Eglon,,223463,,76,,,Sold,,,http://www.redfin.com/WA/Kingston/31567-Old-Hansville-Rd-NE-98346/home/161088698,NWMLS,1602232,N,Y,47.8535112,-122.5403044
PAST SALE,December-30-2019,Single Family Residential,7764 NE 288th St,Kingston,WA,98346,837000,4,5.75,Kingston,4612,154638,1994,251,181,,Sold,,,http://www.redfin.com/WA/Kingston/7764-NE-288th-St-98346/home/2242435,NWMLS,1511293,N,Y,47.8232328,-122.543646
PAST SALE,February-5-2020,Single Family Residential,27420 Garden Gate Ave NE,Kingston,WA,98346,575000,4,3.5,Kingston,3821,100188,1999,214,150,,Sold,,,http://www.redfin.com/WA/Kingston/27420-Garden-Gate-Ave-NE-98346/home/2128280,NWMLS,1537314,N,Y,47.8123438,-122.5493985
PAST SALE,June-17-2020,Single Family Residential,25252 Chris Ln NE,Kingston,WA,98346,535000,3,1.75,Kingston,2020,108900,1989,81,265,,Sold,,,http://www.redfin.com/WA/Kingston/25252-Chris-Ln-NE-98346/home/2298757,NWMLS,1582841,N,Y,47.7915083,-122.5331529
PAST SALE,June-25-2020,Vacant Land,31030 Destiny Pl NE,Kingston,WA,98346,20000,0,,Kingston,,217800,,73,,,Sold,,,http://www.redfin.com/WA/Kingston/31030-Destiny-Pl-NE-98346/home/21623141,NWMLS,1459247,N,Y,47.8429936,-122.533951
PAST SALE,June-28-2020,Mobile/Manufactured Home,5816 Gamblewood Rd NE,Kingston,WA,98346,308000,3,2,Gamblewood,1600,10019,2019,70,193,,Sold,,,http://www.redfin.com/WA/Kingston/5816-NE-Gamblewood-Rd-98346/home/2365099,NWMLS,1571719,N,Y,47.8147582,-122.5709651
PAST SALE,November-5-2019,Mobile/Manufactured Home,12565 NE Douglas Dr,Kingston,WA,98346,315000,3,2,Jefferson Beach,1782,17424,1990,306,177,11,Sold,,,http://www.redfin.com/WA/Kingston/12565-NE-Douglas-Dr-98346/home/2374461,NWMLS,1517656,N,Y,47.7499118,-122.4801893
PAST SALE,November-15-2019,Single Family Residential,21621 President Point Rd NE,Kingston,WA,98346,599000,3,2.5,President Point,2750,29621,1999,296,218,,Sold,,,http://www.redfin.com/WA/Kingston/21621-President-Point-Rd-NE-98346/home/2378826,NWMLS,1513206,N,Y,47.758945,-122.4761851
PAST SALE,June-18-2020,Single Family Residential,20873 President Point Rd NE,Kingston,WA,98346,634000,3,2.25,President Point,2800,29185,2020,80,226,,Sold,,,http://www.redfin.com/WA/Kingston/20873-President-Point-Rd-NE-98346/home/145880215,NWMLS,1601749,N,Y,47.7504198,-122.4764226
PAST SALE,June-22-2020,Single Family Residential,22202 Sea Shell Pl NE,Kingston,WA,98346,825000,3,3.25,President Point,3216,15246,2003,76,257,50,Sold,,,http://www.redfin.com/WA/Kingston/22202-Sea-Shell-Pl-NE-98346/home/2533387,NWMLS,1570983,N,Y,47.7635535,-122.4737571
PAST SALE,August-30-2019,Single Family Residential,26387 Leyman Ln NE,Kingston,WA,98346,515000,2,1.5,Kingston,2010,111078,2006,373,256,,Sold,,,http://www.redfin.com/WA/Kingston/26387-Leyman-Ln-NE-98346/home/2268601,NWMLS,1498087,N,Y,47.8029781,-122.5355177
PAST SALE,May-20-2020,Single Family Residential,7931 Rocky Ln NE,Kingston,WA,98346,455000,3,2,Kingston,2657,55321,1993,109,171,,Sold,,,http://www.redfin.com/WA/Kingston/7931-NE-Rocky-Ln-98346/home/2273999,NWMLS,1591292,N,Y,47.8046104,-122.5450161
PAST SALE,July-30-2020,Condo/Co-op,26420 Pennsylvania Ave NE Unit D69,Kingston,WA,98346,199000,2,1,Kingston,890,,1981,38,224,261,Sold,,,http://www.redfin.com/WA/Kingston/26420-NE-Pennsylvania-Ave-98346/unit-D69/home/171473164,NWMLS,1594067,N,Y,47.8027281,-122.4961743
PAST SALE,June-24-2020,Single Family Residential,11620 NE Kukas Lp,Kingston,WA,98346,326500,3,1.5,Kingston,1276,3049,2011,74,256,23,Sold,,,http://www.redfin.com/WA/Kingston/11620-NE-Kukas-Loop-98346/home/35634756,NWMLS,1597610,N,Y,47.805608,-122.4922287
PAST SALE,August-18-2020,Vacant Land,NE Leyman Ln,Kingston,WA,98346,199000,0,,Kingston,,232610,,19,,,Sold,,,http://www.redfin.com/WA/Unknown/Leyman-Ln-NE-98346/home/145113360,NWMLS,1629412,N,Y,47.803168,-122.533194
PAST SALE,March-30-2020,Vacant Land,8996 NE West Kingston Rd,Kingston,WA,98346,194950,0,,Kingston,,218000,,160,,,Sold,,,http://www.redfin.com/WA/Kingston/8996-NE-West-Kingston-Rd-98346/home/168702728,NWMLS,1559316,N,Y,47.7958064,-122.5259512
PAST SALE,June-3-2020,Mobile/Manufactured Home,29776 GAMBLE Pl NE,Kingston,WA,98346,345000,3,2,Kingston,1812,23087,2020,95,190,60,Sold,,,http://www.redfin.com/WA/Kingston/29776-Gamble-Pl-NE-98346/home/168703804,NWMLS,1580968,N,Y,47.832826,-122.5635459
PAST SALE,March-22-2019,Single Family Residential,27154 Washington Blvd NE,Kingston,WA,98346,1231600,2,2.75,Kingston,2508,204296,2000,534,491,,Sold,,,http://www.redfin.com/WA/Kingston/27154-Washington-Blvd-NE-98346/home/2259489,NWMLS,1398931,N,Y,47.8069659,-122.4834778
PAST SALE,February-7-2019,Single Family Residential,27298 Woodside Rd NE,Kingston,WA,98346,185000,3,1.5,Gamblewood,1208,19602,1969,577,153,5,Sold,,,http://www.redfin.com/WA/Kingston/27298-Woodside-Rd-NE-98346/home/2365397,NWMLS,1353599,N,Y,47.8106055,-122.5719596
PAST SALE,March-1-2019,Single Family Residential,26828 Firwood Rd NE,Kingston,WA,98346,288500,3,1,Gamblewood,1008,9583,1980,555,286,5,Sold,,,http://www.redfin.com/WA/Kingston/26828-Firwood-Rd-NE-98346/home/2365518,NWMLS,1406285,N,Y,47.8063178,-122.5689066
PAST SALE,March-4-2019,Single Family Residential,11772 NE Harley Hill Ln,Kingston,WA,98346,441000,3,2.5,Kingston,1755,20909,1991,552,251,,Sold,,,http://www.redfin.com/WA/Kingston/11772-NE-Harley-Hill-Ln-98346/home/2259628,NWMLS,1398852,N,Y,47.8091959,-122.4912421
PAST SALE,September-10-2018,Single Family Residential,23915 Newellhurst Cir NE,Kingston,WA,98346,457500,3,2.5,Kingston,2122,87556,1986,727,216,,Sold,,,http://www.redfin.com/WA/Kingston/23915-Newellhurst-Cir-NE-98346/home/2383650,NWMLS,1336241,N,Y,47.7799476,-122.4939651
PAST SALE,September-13-2018,Single Family Residential,23310 S Kingston Rd NE,Kingston,WA,98346,293000,2,1,Kingston,1020,237402,1928,724,287,,Sold,,,http://www.redfin.com/WA/Kingston/23310-S-Kingston-Rd-NE-98346/home/2149259,NWMLS,1347877,N,Y,47.774389,-122.500421
PAST SALE,January-14-2019,Mobile/Manufactured Home,6395 NE Little Boston Place,Kingston,WA,98346,309000,3,2,Kingston,1848,102366,1995,601,167,,Sold,,,http://www.redfin.com/WA/Kingston/6395-NE-Little-Boston-Rd-98346/home/2223703,NWMLS,1389385,N,Y,47.8384882,-122.5619832
PAST SALE,November-15-2018,Single Family Residential,24155 Madura Dr NE,Kingston,WA,98346,434000,4,2.5,Kingston,2800,11326,1994,661,155,11,Sold,,,http://www.redfin.com/WA/Kingston/24155-Madura-Dr-NE-98346/home/2369544,NWMLS,1335177,N,Y,47.783081,-122.5019539
PAST SALE,September-17-2018,Single Family Residential,26394 NE Barrett,Kingston,WA,98346,300000,3,1.75,Kingston,1296,4792,2002,720,231,,Sold,,,http://www.redfin.com/WA/Kingston/26394-Barrett-Rd-NE-98346/home/2522150,NWMLS,1335307,N,Y,47.8015983,-122.5084024
PAST SALE,March-13-2019,Mobile/Manufactured Home,27474 Baywood Dr NE,Kingston,WA,98346,250000,2,2,Gamblewood,1066,10019,1992,543,235,5,Sold,,,http://www.redfin.com/WA/Kingston/27474-Baywood-Dr-NE-98346/home/2366369,NWMLS,1407118,N,Y,47.8121131,-122.5762721
PAST SALE,March-22-2019,Single Family Residential,31033 Old Hansville Rd NE,Kingston,WA,98346,479500,3,1.75,Kingston,2678,231739,1979,534,179,,Sold,,,http://www.redfin.com/WA/Kingston/31033-Old-Hansville-Rd-NE-98346/home/2193503,NWMLS,1397791,N,Y,47.851699,-122.5401769
PAST SALE,July-1-2019,Single Family Residential,26456 Gravity Ave NE Lot 2,Kingston,WA,98346,465000,3,3.5,Kingston,2480,3920,2019,433,188,25,Sold,,,http://www.redfin.com/WA/Kingston/26456-GRAVITY-Ave-NE-98346/unit-2/home/144386946,NWMLS,1391541,N,Y,47.8026532,-122.4989044
PAST SALE,July-17-2019,Single Family Residential,8028 NE Bayberry Ln,Kingston,WA,98346,425000,3,2.25,Kingston,1536,110207,2005,417,277,,Sold,,,http://www.redfin.com/WA/Kingston/8028-NE-Bayberry-Ln-98346/home/2268845,NWMLS,1455178,N,Y,47.8835625,-122.5382254
PAST SALE,May-17-2019,Single Family Residential,29607 Rash Rd NE,Kingston,WA,98346,445000,3,3.5,Kingston,2883,25700,1994,478,154,,Sold,,,http://www.redfin.com/WA/Kingston/29607-Rash-Rd-NE-98346/home/2220361,NWMLS,1385265,N,Y,47.8305905,-122.5209383
PAST SALE,May-15-2019,Mobile/Manufactured Home,9883 NE Shorty Campbell Rd,Kingston,WA,98346,130000,2,2,Kingston,1408,25700,1977,480,92,,Sold,,,http://www.redfin.com/WA/Kingston/9883-NE-Shorty-Campbell-Rd-98346/home/25691625,NWMLS,1439152,N,Y,47.8093287,-122.5159117
PAST SALE,,Single Family Residential,26015 Washington Blvd NE,Kingston,WA,98346,619000,4,2,,952,6098,1956,,650,,,,,http://www.redfin.com/WA/Kingston/26015-Washington-Blvd-NE-98346/home/2367270,,,N,Y,47.7979633,-122.4954792
PAST SALE,,Condo/Co-op,26291 NE Pennsylvania Ave #105,Kingston,WA,98346,375000,2,2,,1318,,1995,,285,,,,,http://www.redfin.com/WA/Kingston/26291-NE-Pennsylvania-Ave-98346/unit-105/home/2512579,,,N,Y,47.8019642,-122.4974792
PAST SALE,July-10-2019,Single Family Residential,10265 NE Kingston View Ct,Kingston,WA,98346,477500,3,1.75,Kingston,1929,109771,1983,424,248,17,Sold,,,http://www.redfin.com/WA/Kingston/10265-NE-Kingston-View-Ct-98346/home/2252955,NWMLS,1465773,N,Y,47.8214849,-122.5070293
PAST SALE,December-18-2018,Single Family Residential,26658 Ritter Lane NE,Kingston,WA,98346,83000,3,2,Kingston,1500,91476,2019,628,55,,Sold,,,http://www.redfin.com/WA/Kingston/26658-Ritter-Ln-NE-98346/home/17505384,NWMLS,1378068,N,Y,47.805276,-122.56234
PAST SALE,October-22-2018,Single Family Residential,23153 Panorama Place NE,Kingston,WA,98346,735000,3,2.5,Kingston,2622,18295,2018,685,280,75,Sold,,,http://www.redfin.com/WA/Kingston/23153-Panorama-Pl-NE-98346/home/109031948,NWMLS,1348707,N,Y,47.7717036,-122.5159964
PAST SALE,,Single Family Residential,22635 Seatter Rd NE,Kingston,WA,98346,485000,3,2.5,,1770,110642,1995,,274,,,,,http://www.redfin.com/WA/Kingston/22635-Seatter-Rd-NE-98346/home/2142411,,,N,Y,47.7658973,-122.4899671
PAST SALE,,Single Family Residential,10587 NE West Kingston Rd,Kingston,WA,98346,650000,3,2,,1798,23087,1965,,362,,,,,http://www.redfin.com/WA/Kingston/10587-NE-West-Kingston-Rd-98346/home/2367707,,,N,Y,47.79682,-122.5066137
PAST SALE,July-12-2019,Single Family Residential,27668 Woodside Rd NE,Kingston,WA,98346,310000,3,2,Gamblewood,1936,10454,1991,422,160,,Sold,,,http://www.redfin.com/WA/Kingston/27668-Woodside-Rd-NE-98346/home/2365163,NWMLS,1451369,N,Y,47.813425,-122.5695719
PAST SALE,July-2-2019,Single Family Residential,27473 Serene Dr NE,Kingston,WA,98346,409000,3,2.5,Gamblewood,2316,10019,2019,432,177,,Sold,,,http://www.redfin.com/WA/Kingston/27473-Serene-Dr-NE-98346/home/103783154,NWMLS,1453164,N,Y,47.812131,-122.57565
PAST SALE,,Single Family Residential,34263 Hood Canal Dr NE,Kingston,WA,98346,963000,3,3.5,,2970,33106,2004,,324,,,,,http://www.redfin.com/WA/Kingston/34263-Hood-Canal-Dr-NE-98346/home/2357156,,,N,Y,47.8740116,-122.5723688
PAST SALE,July-25-2019,Mobile/Manufactured Home,27648 Woodside Rd NE,Kingston,WA,98346,189175,2,2,Gamblewood,936,14810,1980,409,202,,Sold,,,http://www.redfin.com/WA/Kingston/27648-Woodside-Rd-NE-98346/home/2365189,NWMLS,1468692,N,Y,47.8134202,-122.5712126
PAST SALE,,Single Family Residential,6084 NE State Hwy 104,Kingston,WA,98346,487298,2,2,,1248,461736,2010,,390,,,,,http://www.redfin.com/WA/Kingston/6084-NE-State-Hwy-104-98346/home/35644890,,,N,Y,47.806799,-122.56735
PAST SALE,,Condo/Co-op,26425 NE Pennsylvania Ave Unit A,Kingston,WA,98346,171900,2,1,,844,,1980,,204,,,,,http://www.redfin.com/WA/Kingston/26425-NE-Pennsylvania-Ave-98346/unit-A/home/2507150,,,N,Y,47.8022884,-122.4970657
PAST SALE,October-11-2018,Single Family Residential,27184 Washington Blvd NE,Kingston,WA,98346,475000,2,1.25,Kingston,1240,98010,1955,696,383,,Sold,,,http://www.redfin.com/WA/Kingston/27184-Washington-Blvd-NE-98346/home/2259485,NWMLS,1352442,N,Y,47.8076448,-122.484304
PAST SALE,April-26-2019,Mobile/Manufactured Home,21505 President Point Rd NE,Kingston,WA,98346,226000,3,1.75,President Point,1344,59677,1976,499,168,,Sold,,,http://www.redfin.com/WA/Kingston/21505-President-Point-Rd-NE-98346/home/2543335,NWMLS,1421480,N,Y,47.7578419,-122.475607
PAST SALE,September-28-2018,Vacant Land,23398 Jefferson Point NE,Kingston,WA,98346,230000,0,,Kingston,,48787,,709,,,Sold,,,http://www.redfin.com/WA/Kingston/23398-Jefferson-Point-Rd-NE-98346/home/87955447,NWMLS,1146251,N,Y,47.774884,-122.4836921
PAST SALE,July-1-2019,Single Family Residential,21119 Virginia Ave NE,Kingston,WA,98346,355000,3,2,Jefferson Beach,1759,16988,2007,433,202,10,Sold,,,http://www.redfin.com/WA/Kingston/21119-Virginia-Ave-NE-98346/home/2375204,NWMLS,1452597,N,Y,47.7540727,-122.4802135
PAST SALE,July-25-2019,Single Family Residential,11560 NE Skyward Loop,Kingston,WA,98346,739500,3,2.5,Kingston,3066,20038,2000,409,241,,Sold,,,http://www.redfin.com/WA/Kingston/11560-NE-Skyward-Loop-98346/home/2516686,NWMLS,1439699,N,Y,47.8060279,-122.4912399
PAST SALE,June-3-2019,Single Family Residential,26471 Gravity Ave NE #26,Kingston,WA,98346,440000,4,3.5,Kingston,2770,3049,2018,461,159,25,Sold,,,http://www.redfin.com/WA/Kingston/26471-GRAVITY-Ave-NE-98346/unit-26/home/144480498,NWMLS,1225685,N,Y,47.8026536,-122.4989065
PAST SALE,November-30-2018,Mobile/Manufactured Home,12423 NE Douglas Dr,Kingston,WA,98346,266500,3,3,Jefferson Beach,1948,16553,2000,646,137,12,Sold,,,http://www.redfin.com/WA/Kingston/12423-NE-Douglas-Dr-98346/home/2374431,NWMLS,1368234,N,Y,47.7496104,-122.4818185
PAST SALE,January-31-2020,Mobile/Manufactured Home,26984 Firwood Rd NE,Kingston,WA,98346,211000,3,1.75,Gamblewood,1344,10890,1991,219,157,5,Sold,,,http://www.redfin.com/WA/Kingston/26984-Firwood-Rd-NE-98346/home/2365488,NWMLS,1531289,N,Y,47.807688,-122.5687943
PAST SALE,September-28-2018,Single Family Residential,26465 Kingsview Lp NE,Kingston,WA,98346,415000,4,2.5,Kingston,2151,7841,1978,709,193,,Sold,,,http://www.redfin.com/WA/Kingston/26465-Kingsview-Loop-NE-98346/home/2370313,NWMLS,1345317,N,Y,47.8034728,-122.4957046
PAST SALE,January-29-2019,Single Family Residential,26174 Tuckerman Ave NE,Kingston,WA,98346,410000,3,2.5,Kingston,1940,10454,1991,586,211,8,Sold,,,http://www.redfin.com/WA/Kingston/26174-Tuckerman-Ave-NE-98346/home/2474896,NWMLS,1383395,N,Y,47.7991618,-122.5104211
PAST SALE,,Single Family Residential,25681 NE School House Pl,Kingston,WA,98346,345000,3,2,,1300,6534,2018,,265,,,,,http://www.redfin.com/WA/Kingston/25681-NE-School-House-Pl-98346/home/113870162,,,N,Y,47.795844,-122.51564
PAST SALE,,Condo/Co-op,26331 Illinois Ave NE,Kingston,WA,98346,252000,2,2,,980,,1999,,257,,,,,http://www.redfin.com/WA/Kingston/26331-Illinois-Ave-NE-98346/home/2518078,,,N,Y,47.8017685,-122.4949054
PAST SALE,March-8-2019,Single Family Residential,8655 NE Country Woods Ln,Kingston,WA,98346,470000,3,2.75,Kingston,2796,217800,1985,548,168,,Sold,,,http://www.redfin.com/WA/Kingston/8655-NE-Country-Woods-Ln-98346/home/2193609,NWMLS,1401959,N,Y,47.852178,-122.532556
PAST SALE,September-24-2018,Single Family Residential,25701 Seabrook Place NE,Kingston,WA,98346,547750,3,2.5,Kingston,2119,6970,2018,713,258,,Sold,,,http://www.redfin.com/WA/Kingston/25701-Seabrook-Pl-NE-98346/home/143241112,NWMLS,1294550,N,Y,47.7964674,-122.510391
PAST SALE,June-28-2019,Single Family Residential,10105 NE Shorty Campbell Rd,Kingston,WA,98346,750000,3,2.25,Kingston,2392,444748,1985,436,314,,Sold,,,http://www.redfin.com/WA/Kingston/10105-NE-Shorty-Campbell-Rd-98346/home/2263568,NWMLS,1411567,N,Y,47.808238,-122.512885
PAST SALE,March-6-2020,Single Family Residential,27817 McIntosh Lp NE,Kingston,WA,98346,619000,3,2.5,Kingston,2374,19602,2019,184,261,,Sold,,,http://www.redfin.com/WA/Kingston/27817-McIntosh-Loop-NE-98346/home/147309662,NWMLS,1540369,N,Y,47.8148618,-122.5003301
PAST SALE,March-10-2020,Single Family Residential,10861 NE Apple Tree Point Ln,Kingston,WA,98346,614950,3,2.5,Kingston,2068,18295,2019,180,297,45,Sold,,,http://www.redfin.com/WA/Kingston/NE-Apple-Tree-Point-Ln-98346/home/104069768,NWMLS,1468795,N,Y,47.813274,-122.499797
PAST SALE,October-25-2018,Single Family Residential,26401 Apple Jack Lane NE,Kingston,WA,98346,349000,3,2.5,Kingston,1512,3485,2003,682,231,50,Sold,,,http://www.redfin.com/WA/Kingston/26401-Apple-Jack-Ln-NE-98346/home/2522253,NWMLS,1362729,N,Y,47.8022939,-122.5076675
PAST SALE,,Condo/Co-op,10595 NE Kingston Meadows Cir,Kingston,WA,98346,259000,3,2.5,,1278,,2003,,203,,,,,http://www.redfin.com/WA/Kingston/10595-NE-Kingston-Meadows-Cir-98346/home/2535968,,,N,Y,47.8065125,-122.5055957
PAST SALE,,Condo/Co-op,10588 NE Kingston Meadow Cir,Kingston,WA,98346,243500,3,2.5,,1278,,2003,,191,,,,,http://www.redfin.com/WA/Kingston/10588-NE-Kingston-Meadow-Cir-98346/home/2536012,,,N,Y,47.8065346,-122.5059473
PAST SALE,,Vacant Land,20475 Stephen Dr NE,Kingston,WA,98346,34500,,,,,19166,,,,,,,,http://www.redfin.com/WA/Kingston/20475-Stephen-Dr-NE-98346/home/161081509,,,N,Y,47.747753,-122.486379
PAST SALE,,Vacant Land,21570 Jefferson Beach Rd NE,Kingston,WA,98346,60000,,,,,29621,,,,,,,,http://www.redfin.com/WA/Kingston/21570-Jefferson-Beach-Rd-NE-98346/home/161081553,,,N,Y,47.758384,-122.476218
PAST SALE,June-3-2019,Vacant Land,7338 NE State Hwy 104,Kingston,WA,98340,89000,0,,Kingston,,217800,,461,,,Sold,,,http://www.redfin.com/WA/Kingston/7338-NE-State-Hwy-104-98346/home/104474860,NWMLS,1400594,N,Y,47.81221,-122.5516939
PAST SALE,March-4-2019,Single Family Residential,12333 NE Brigantine Ct,Kingston,WA,98346,451000,3,1.75,Kingston,1772,28314,1990,552,255,,Sold,,,http://www.redfin.com/WA/Kingston/12333-NE-Brigantine-Ct-98346/home/2307207,NWMLS,1404796,N,Y,47.7812589,-122.486401
PAST SALE,April-4-2019,Vacant Land,27345 Serene Dr NE,Kingston,WA,98346,46000,0,,Gamblewood,,10019,,521,,,Sold,,,http://www.redfin.com/WA/Kingston/27345-Serene-Dr-NE-98346/home/160686624,NWMLS,1422901,N,Y,47.810993,-122.575657
PAST SALE,June-6-2019,Mobile/Manufactured Home,21775 Howard Ave NE,Kingston,WA,98346,315000,3,2,Jefferson Beach,1782,22651,1992,458,177,10,Sold,,,http://www.redfin.com/WA/Kingston/21775-Howard-Ave-NE-98346/home/2375462,NWMLS,1444196,N,Y,47.7602634,-122.4815649
PAST SALE,June-14-2019,Single Family Residential,26400 Barrett Rd NE,Kingston,WA,98346,307000,4,1.75,Kingston,1290,4792,2002,450,238,,Sold,,,http://www.redfin.com/WA/Kingston/26400-Barrett-Rd-NE-98346/home/2522155,NWMLS,1426009,N,Y,47.8014559,-122.5084445
PAST SALE,,Single Family Residential,10783 Old Growth Loop,Kingston,WA,98346,379950,3,2.5,,1588,1742,2018,,239,,,,,http://www.redfin.com/WA/Kingston/10783-Old-Growth-Loop-98346/home/101608547,,,N,Y,47.8061719,-122.5043337
PAST SALE,,Mobile/Manufactured Home,26190 Barrett Rd NE,Kingston,WA,98346,200000,3,2,,1292,14810,2016,,155,,,,,http://www.redfin.com/WA/Kingston/26190-Barrett-Rd-NE-98346/home/161180718,,,N,Y,47.8002691,-122.5067936
PAST SALE,September-20-2018,Single Family Residential,22971 Jefferson Point Rd NE,Kingston,WA,98346,610000,4,3,Kingston,3338,57935,1981,717,183,,Sold,,,http://www.redfin.com/WA/Kingston/22971-Jefferson-Point-Rd-NE-98346/home/2142634,NWMLS,1341651,N,Y,47.7716348,-122.4840375
PAST SALE,June-10-2019,Single Family Residential,10783 NE Old Growth Lp #9,Kingston,WA,98346,379950,3,2.5,Kingston,1532,1742,2018,454,248,44,Sold,,,http://www.redfin.com/WA/Kingston/10783-Old-Growth-Loop-98346/unit-9/home/146489118,NWMLS,1340319,N,Y,47.8061719,-122.5043337
PAST SALE,,Single Family Residential,27368 Serene Dr NE,Kingston,WA,98346,263500,3,2,,1520,9583,1994,,173,,,,,http://www.redfin.com/WA/Kingston/27368-Serene-Dr-NE-98346/home/2366528,,,N,Y,47.8112194,-122.5749189
PAST SALE,August-21-2019,Single Family Residential,26180 Tuckerman Ave NE,Kingston,WA,98346,404900,3,2.75,Kingston,1726,10890,1992,382,235,13,Sold,,,http://www.redfin.com/WA/Kingston/26180-Tuckerman-Ave-NE-98346/home/2474907,NWMLS,1487951,N,Y,47.7993535,-122.510461
PAST SALE,March-3-2020,Single Family Residential,9225 NE Countrywoods Ln,Kingston,WA,98346,540000,3,2,Kingston,2112,114563,2017,187,256,,Sold,,,http://www.redfin.com/WA/Kingston/9225-NE-Country-Woods-Ln-98346/home/145630104,NWMLS,1536806,N,Y,47.8533763,-122.5214217
PAST SALE,November-30-2018,Mobile/Manufactured Home,29398 Gamble Place NE,Kingston,WA,98346,342000,3,2,Kingston,2032,154638,1999,646,168,,Sold,,,http://www.redfin.com/WA/Kingston/29398-Gamble-Pl-NE-98346/home/2364879,NWMLS,1373524,N,Y,47.829854,-122.5641381
PAST SALE,May-16-2019,Single Family Residential,26459 Kingsview Lp NE,Kingston,WA,98346,431000,3,2.5,Kingston,2088,7841,1978,479,206,,Sold,,,http://www.redfin.com/WA/Kingston/26459-Kingsview-Loop-NE-98346/home/2370301,NWMLS,1434448,N,Y,47.8040529,-122.4957745
PAST SALE,November-5-2019,Mobile/Manufactured Home,27137 Burkes Ln NE,Kingston,WA,98346,595000,3,2.75,Kingston,2786,781902,2008,306,214,,Sold,,,http://www.redfin.com/WA/Kingston/27137-Burkes-Ln-NE-98346/home/167264070,NWMLS,1489539,N,Y,47.807478,-122.532356
PAST SALE,September-26-2018,Single Family Residential,22723 Jefferson Point Rd NE,Kingston,WA,98346,735000,3,2.5,Jefferson Beach,2514,23522,2003,711,292,,Sold,,,http://www.redfin.com/WA/Kingston/22723-Jefferson-Point-Rd-NE-98346/home/2142531,NWMLS,1335037,N,Y,47.7688527,-122.482065
PAST SALE,February-25-2019,Single Family Residential,6201 NE Blakewood Ct,Kingston,WA,98346,450000,3,2,Kingston,1701,18295,2002,559,265,,Sold,,,http://www.redfin.com/WA/Kingston/6201-NE-Blakewood-Ct-98346/home/2517911,NWMLS,1398865,N,Y,47.8167275,-122.5652771
PAST SALE,November-25-2019,Single Family Residential,26446 Kingsview Lp NE,Kingston,WA,98346,389000,3,1.75,Kingston,1794,8276,1979,286,217,,Sold,,,http://www.redfin.com/WA/Kingston/26446-Kingsview-Loop-NE-98346/home/2370401,NWMLS,1429058,N,Y,47.8042754,-122.4967694
PAST SALE,October-3-2019,Condo/Co-op,26425 Pennsylvania Ave Unit A29,Kingston,WA,98346,193500,2,1,Kingston,844,,1980,339,229,220,Sold,,,http://www.redfin.com/WA/Kingston/26425-NE-Pennsylvania-Ave-98346/unit-A-29/home/26784345,NWMLS,1508500,N,Y,47.8022884,-122.4970657
PAST SALE,August-23-2019,Mobile/Manufactured Home,12519 NE Philip Dr,Kingston,WA,98346,315000,3,2,Jefferson Beach,1872,19166,2018,380,168,10,Sold,,,http://www.redfin.com/WA/Kingston/12519-NE-Philip-Dr-98346/home/2374765,NWMLS,1461263,N,Y,47.7511612,-122.4809131
PAST SALE,August-28-2019,Single Family Residential,27100 Washington Blvd NE,Kingston,WA,98346,975000,3,3,Kingston,3528,51401,1995,375,276,,Sold,,,http://www.redfin.com/WA/Kingston/27100-Washington-Blvd-NE-98346/home/2259515,NWMLS,1483776,N,Y,47.8057992,-122.484327
PAST SALE,August-30-2019,Single Family Residential,11525 NE Skyward Lp,Kingston,WA,98346,749000,4,2.75,Kingston,3756,12632,2001,373,199,,Sold,,,http://www.redfin.com/WA/Kingston/11525-NE-Skyward-Loop-98346/home/2516733,NWMLS,1489773,N,Y,47.8067174,-122.4917114
PAST SALE,July-9-2019,Mobile/Manufactured Home,27896 Lindvog Rd NE,Kingston,WA,98346,463000,3,1.75,Kingston,1772,240451,1998,425,261,,Sold,,,http://www.redfin.com/WA/Kingston/27896-Lindvog-Rd-NE-98346/home/2252949,NWMLS,1476355,N,Y,47.819377,-122.50284
PAST SALE,February-3-2020,Single Family Residential,27447 Serene Dr,Kingston,WA,98346,325000,3,2,Gamblewood,1704,10019,1991,216,191,,Sold,,,http://www.redfin.com/WA/Kingston/27447-Serene-Dr-NE-98346/home/2366445,NWMLS,1553067,N,Y,47.8119088,-122.5755608
PAST SALE,,Single Family Residential,5713 NE Gamblewood Rd,Kingston,WA,98346,348000,3,2,,1624,10890,1994,,214,,,,,http://www.redfin.com/WA/Kingston/5713-NE-Gamblewood-Rd-98346/home/2365347,,,N,Y,47.8143608,-122.572046
PAST SALE,January-24-2020,Vacant Land,State Highway 104 NE,Kingston,WA,98346,165000,0,,Kingston,,808038,,226,,,Sold,,,http://www.redfin.com/WA/Kingston/NE-State-Hwy-104-Unknown/home/145955931,NWMLS,1529422,N,Y,47.823398,-122.588055
PAST SALE,February-7-2020,Single Family Residential,26431 NE Fireball Way Lot 6,Kingston,WA,98346,553935,4,3.25,Kingston,2770,3485,2019,212,200,,Sold,,,http://www.redfin.com/WA/Kingston/26431-NE-Fireball-Way-98346/unit-6/home/167041448,NWMLS,1469675,N,Y,47.802295,-122.498935
PAST SALE,August-30-2019,Single Family Residential,11330 NE 3rd St,Kingston,WA,98346,550000,3,2.5,Kingston,1964,10454,1988,373,280,,Sold,,,http://www.redfin.com/WA/Kingston/11330-NE-3rd-St-98346/home/2367389,NWMLS,1485794,N,Y,47.800263,-122.4951083
PAST SALE,August-22-2019,Single Family Residential,12396 NE Marine View Dr,Kingston,WA,98346,775000,2,1.75,Jefferson Beach,2243,104544,1993,381,346,16,Sold,,,http://www.redfin.com/WA/Kingston/12396-NE-Marine-View-Dr-98346/home/2468381,NWMLS,1497094,N,Y,47.7453436,-122.4827399
PAST SALE,September-11-2018,Single Family Residential,12686 NE Klabo Rd,Kingston,WA,98346,527500,3,2.25,Kingston,2718,186001,1990,726,194,,Sold,,,http://www.redfin.com/WA/Kingston/12686-NE-Klabo-Rd-98346/home/2203268,NWMLS,1340252,N,Y,47.7650418,-122.4784218
PAST SALE,January-10-2019,Single Family Residential,23261 Jefferson Point Rd NE,Kingston,WA,98346,619100,3,2.5,Kingston,2673,107158,1999,605,232,,Sold,,,http://www.redfin.com/WA/Kingston/23261-Jefferson-Point-Rd-NE-98346/home/11762190,NWMLS,1390252,N,Y,47.7737369,-122.485657
PAST SALE,,Single Family Residential,28045 Sandy Beach Ln NE,Kingston,WA,98346,300000,3,1,,752,56192,1945,,399,,,,,http://www.redfin.com/WA/Kingston/28045-Sandy-Beach-Ln-NE-98346/home/2256154,,,N,Y,47.8202824,-122.4924102
PAST SALE,October-21-2019,Single Family Residential,34722 Pilot Point Rd NE,Kingston,WA,98346,716000,3,2.5,Eglon,2898,106286,2019,321,247,,Sold,,,http://www.redfin.com/WA/Kingston/34722-Pilot-Point-Rd-NE-98346/home/161079423,NWMLS,1488105,N,Y,47.877954,-122.517938
PAST SALE,July-16-2019,Condo/Co-op,26425 Pennsylvania Ave NE Unit A33,Kingston,WA,98346,171900,2,1,Kingston,844,,1980,418,204,224,Sold,,,http://www.redfin.com/WA/Kingston/26425-NE-Pennsylvania-Ave-98346/unit-A33/home/167071155,NWMLS,1469749,N,Y,47.8022884,-122.4970657
PAST SALE,November-1-2019,Single Family Residential,26470 Gravity Ave NE Lot 1,Kingston,WA,98346,475000,3,3.25,Kingston,2480,3920,2019,310,192,25,Sold,,,http://www.redfin.com/WA/Kingston/26470-GRAVITY-Ave-NE-98346/unit-1/home/145331982,NWMLS,1453289,N,Y,47.8026532,-122.4989044
PAST SALE,,Single Family Residential,9040 NE Country Woods Ln,Kingston,WA,98346,120000,3,2.5,,3449,222592,2006,,35,,,,,http://www.redfin.com/WA/Kingston/9040-NE-Country-Woods-Ln-98346/home/8190829,,,N,Y,47.8542995,-122.5285336
PAST SALE,,Vacant Land,24874 Norman Rd NE,Kingston,WA,98346,150000,,,,,111078,,,,,,,,http://www.redfin.com/WA/Kingston/24874-Norman-Rd-NE-98346/home/167210616,,,N,Y,47.788962,-122.518027
PAST SALE,October-29-2018,Single Family Residential,11770 NE Kukas Lp,Kingston,WA,98346,274750,3,1.5,Kingston,1218,3049,2011,678,226,23,Sold,,,http://www.redfin.com/WA/Kingston/11770-NE-Kukas-Loop-98346/home/39745661,NWMLS,1362772,N,Y,47.8050385,-122.4917485
PAST SALE,November-21-2019,Single Family Residential,33640 Widmark Rd NE,Kingston,WA,98346,635000,3,2.5,Eglon,2343,111949,1993,290,271,,Sold,,,http://www.redfin.com/WA/Kingston/33640-Widmark-Rd-NE-98346/home/2299069,NWMLS,1514091,N,Y,47.8691416,-122.5346432
PAST SALE,September-11-2019,Single Family Residential,29915 Gamble Pl NE,Kingston,WA,98346,750000,3,2.25,Kingston,2996,43560,1983,361,250,,Sold,,,http://www.redfin.com/WA/Kingston/29915-Gamble-Pl-NE-98346/home/2364708,NWMLS,1416911,N,Y,47.8341451,-122.5656206
PAST SALE,September-14-2018,Single Family Residential,22900 Singingwood Place NE,Kingston,WA,98346,740000,4,2.5,Kingston,2814,40511,2006,723,263,75,Sold,,,http://www.redfin.com/WA/Kingston/22900-Singingwood-Pl-NE-98346/home/2539379,NWMLS,1322113,N,Y,47.7714736,-122.5201098
PAST SALE,February-28-2020,Vacant Land,1 Lot D Karmenn Ln,Kingston,WA,98346,150000,0,,Kingston,,26572,,191,,,Sold,,,http://www.redfin.com/WA/Unknown/1-NE-Karmenn-Ln-98346/home/168720187,NWMLS,1508158,N,Y,47.777393,-122.485462
PAST SALE,November-8-2018,Single Family Residential,26608 NE Fireball Wy,Kingston,WA,98346,430000,3,3.25,Kingston,2480,4356,2017,668,173,25,Sold,,,http://www.redfin.com/WA/Kingston/NE-Fireball-Way-98346/home/145748961,NWMLS,1196483,N,Y,47.803704,-122.499356
PAST SALE,February-15-2019,Townhouse,10641 NE Kingston Meadows Cir,Kingston,WA,98346,258200,3,2.25,Kingston,1329,2178,2003,569,194,338,Sold,,,http://www.redfin.com/WA/Kingston/10641-NE-Kingston-Meadow-Cir-98346/home/2533744,NWMLS,1399443,N,Y,47.806765,-122.5058327
PAST SALE,April-17-2019,Vacant Land,28115 Sandy Beach Ln NE,Kingston,WA,98346,126000,0,,Kingston,,65340,,508,,,Sold,,,http://www.redfin.com/WA/Kingston/28115-Sandy-Beach-Ln-NE-98346/home/124217443,NWMLS,1397557,N,Y,47.8215195,-122.4936142
PAST SALE,September-18-2019,Single Family Residential,29117 Gamble Pl NE,Kingston,WA,98346,625000,3,1.75,Kingston,2943,55757,1955,354,212,,Sold,,,http://www.redfin.com/WA/Kingston/29117-Gamble-Pl-NE-98346/home/2364807,NWMLS,1451420,N,Y,47.8279807,-122.5669935
PAST SALE,September-7-2018,Single Family Residential,27076 Ohio Ave NE,Kingston,WA,98346,680000,3,3.5,Kingston,5990,35719,1994,730,114,,Sold,,,http://www.redfin.com/WA/Kingston/27076-Ohio-Ave-NE-98346/home/2259674,NWMLS,1297901,N,Y,47.808374,-122.4906927
PAST SALE,August-13-2019,Vacant Land,30363 NE Gamble Pl,Kingston,WA,98346,265000,0,,Kingston,,66211,,390,,,Sold,,,http://www.redfin.com/WA/Kingston/30363-Gamble-Pl-NE-98346/home/17460586,NWMLS,1463193,N,Y,47.8382865,-122.5657362
PAST SALE,January-10-2019,Single Family Residential,23328 Jefferson Point Rd NE,Kingston,WA,98346,1400000,4,4.25,President Point,3475,87556,1999,605,403,,Sold,,,http://www.redfin.com/WA/Kingston/23328-Jefferson-Point-Rd-NE-98346/home/2379680,NWMLS,1352685,N,Y,47.7742987,-122.4830591
PAST SALE,August-15-2019,Single Family Residential,26790 Washington Blvd NE,Kingston,WA,98346,710000,3,2.25,Kingston,2740,53579,1994,388,259,,Sold,,,http://www.redfin.com/WA/Kingston/26790-Washington-Blvd-NE-98346/home/2368552,NWMLS,1459551,N,Y,47.8034024,-122.4879172
PAST SALE,October-2-2019,Single Family Residential,12000 NE Olive Dr,Kingston,WA,98346,578000,2,2.5,Kingston,1700,13504,2007,340,340,,Sold,,,http://www.redfin.com/WA/Kingston/12000-NE-Olive-Dr-98346/home/12098754,NWMLS,1475618,N,Y,47.7800072,-122.4876372
PAST SALE,October-11-2019,Single Family Residential,5677 NE Grove Ln,Kingston,WA,98346,275000,3,1,Gamblewood,1296,9148,1991,331,212,3,Sold,,,http://www.redfin.com/WA/Kingston/5677-NE-Grove-Ln-98346/home/2366636,NWMLS,1516971,N,Y,47.8113698,-122.5729222
PAST SALE,October-31-2018,Single Family Residential,28459 Sandy Beach Lane NE,Kingston,WA,98346,875000,1,1.75,Kingston,1107,435600,2015,676,790,,Sold,,,http://www.redfin.com/WA/Kingston/28459-Sandy-Beach-Ln-NE-98346/home/68986257,NWMLS,1347889,N,Y,47.8233174,-122.5020541
PAST SALE,September-14-2018,Single Family Residential,29640 Gamble Place NE,Kingston,WA,98346,164500,1,0.75,Kingston,360,38333,1957,723,457,,Sold,,,http://www.redfin.com/WA/Kingston/29640-Gamble-Pl-NE-98346/home/17460584,NWMLS,1339783,N,Y,47.831314,-122.566461
PAST SALE,February-13-2019,Single Family Residential,23155 Aslan Pl NE,Kingston,WA,98346,750653,3,2.5,Kingston,3668,21780,2009,571,205,75,Sold,,,http://www.redfin.com/WA/Kingston/23155-Aslan-Pl-NE-98346/home/21970335,NWMLS,1329836,N,Y,47.7718932,-122.517771
PAST SALE,August-13-2019,Single Family Residential,27793 McIntosh Lp NE,Kingston,WA,98346,600000,3,2.5,Kingston,2502,18846,2019,390,240,44,Sold,,,http://www.redfin.com/WA/Kingston/27793-McIntosh-Loop-NE-98346/home/147841846,NWMLS,1379662,N,Y,47.8150712,-122.5001049
PAST SALE,December-18-2018,Single Family Residential,21725 Virginia Place NE,Kingston,WA,98346,365000,3,2.5,Jefferson Beach,1766,20038,1991,628,207,10,Sold,,,http://www.redfin.com/WA/Kingston/21725-Virginia-Pl-NE-98346/home/2375508,NWMLS,1374393,N,Y,47.7596487,-122.4794353
PAST SALE,June-7-2019,Townhouse,10581 NE Kingston Meadows Cir Unit 31-3,Kingston,WA,98346,258000,3,2.5,Kingston,1329,,2003,457,194,413,Sold,,,http://www.redfin.com/WA/Kingston/10581-NE-Kingston-Meadow-Cir-98346/unit-31-3/home/2535976,NWMLS,1443668,N,Y,47.8064225,-122.5055093
PAST SALE,January-10-2020,Single Family Residential,26473 NE Kings View Lp NE,Kingston,WA,98346,419000,3,2.5,Kingston,1766,7841,1977,240,237,,Sold,,,http://www.redfin.com/WA/Kingston/26473-Kingsview-Loop-NE-98346/home/2370323,NWMLS,1545914,N,Y,47.8032444,-122.4968321
PAST SALE,December-10-2019,Single Family Residential,11626 NE Kukas Lp,Kingston,WA,98346,312000,3,1.5,Kingston,1200,3049,2011,271,260,23,Sold,,,http://www.redfin.com/WA/Kingston/11626-NE-Kukas-Loop-98346/home/35634755,NWMLS,1525249,N,Y,47.8056396,-122.4921256
PAST SALE,November-12-2019,Single Family Residential,27625 McIntosh Lp NE,Kingston,WA,98346,615000,3,2.5,Kingston,2867,18295,2016,299,215,45,Sold,,,http://www.redfin.com/WA/Kingston/27625-McIntosh-Loop-NE-98346/home/18967444,NWMLS,1495313,N,Y,47.8143288,-122.5030417
PAST SALE,,Condo/Co-op,26425 NE Pennsylvania Ave Unit A29,Kingston,WA,98346,193500,2,1,,844,,1980,,229,,,,,http://www.redfin.com/WA/Kingston/26425-NE-Pennsylvania-Ave-98346/unit-A29/home/2507132,,,N,Y,47.8024138,-122.4969632
PAST SALE,September-24-2019,Condo/Co-op,26318 Illinois Ave NE Unit A205,Kingston,WA,98346,286000,3,1.75,Kingston,1160,,1994,348,247,440,Sold,,,http://www.redfin.com/WA/Kingston/26318-Illinois-Ave-NE-98346/unit-A205/home/2511944,NWMLS,1471146,N,Y,47.8013715,-122.4954891
PAST SALE,October-25-2019,Condo/Co-op,26420 Pennsylvania Ave NE #64,Kingston,WA,98346,210000,2,2,Kingston,954,,1981,317,220,250,Sold,,,http://www.redfin.com/WA/Kingston/26420-NE-Pennsylvania-Ave-98346/unit-64/home/108805496,NWMLS,1526172,N,Y,47.8018941,-122.496583
PAST SALE,December-13-2019,Single Family Residential,25629 Seabrook Pl NE,Kingston,WA,98346,625000,3,2.5,Kingston,2115,9583,2017,268,296,100,Sold,,,http://www.redfin.com/WA/Kingston/25629-Seabrook-Pl-NE-98346/home/113759904,NWMLS,1517561,N,Y,47.7958178,-122.5103193
PAST SALE,September-13-2019,Single Family Residential,26417 NE Fireball Way #5,Kingston,WA,98346,525000,4,3.5,Kingston,2770,3485,2018,359,190,25,Sold,,,http://www.redfin.com/WA/Kingston/NE-Fireball-Way-98346/unit-5/home/144386977,NWMLS,1391530,N,Y,47.802292,-122.498771
PAST SALE,August-15-2019,Single Family Residential,21969 President Point Rd NE,Kingston,WA,98346,668000,3,2.5,President Point,3167,59677,2003,388,211,,Sold,,,http://www.redfin.com/WA/Kingston/21969-President-Point-Rd-NE-98346/home/2378869,NWMLS,1441359,N,Y,47.7619766,-122.4748002
PAST SALE,September-10-2019,Single Family Residential,12598 NE Munson St,Kingston,WA,98346,409000,2,1.75,Jefferson Beach,1354,25265,1970,362,302,,Sold,,,http://www.redfin.com/WA/Kingston/12598-NE-Munson-St-98346/home/2375329,NWMLS,1500406,N,Y,47.7582126,-122.4797626
PAST SALE,November-1-2019,Single Family Residential,26030 Barber Cut-Off Rd NE,Kingston,WA,98346,420000,3,2.25,Kingston,1601,13068,2013,310,262,,Sold,,,http://www.redfin.com/WA/Kingston/26030-Barber-Cut-Off-Rd-NE-98346/home/49753863,NWMLS,1523423,N,Y,47.7984455,-122.5095883
PAST SALE,September-25-2019,Single Family Residential,27022 Woodside Rd NE,Kingston,WA,98346,209900,3,1,Gamblewood,1248,9148,1971,347,168,5,Sold,,,http://www.redfin.com/WA/Kingston/27022-Woodside-Rd-NE-98346/home/2365997,NWMLS,1510420,N,Y,47.8079236,-122.573064
PAST SALE,October-1-2019,Single Family Residential,24340 Madura Dr NE,Kingston,WA,98346,515000,3,2.5,Kingston,2514,10019,2019,341,205,11,Sold,,,http://www.redfin.com/WA/Kingston/24340-Madura-Dr-NE-98346/home/144785103,NWMLS,1378657,N,Y,47.7809694,-122.5027275
PAST SALE,July-12-2019,Single Family Residential,31580 Sunrise Beach Dr NE,Kingston,WA,98346,815000,2,2.5,Eglon,3032,50094,2005,422,269,,Sold,,,http://www.redfin.com/WA/Kingston/31580-Sunrise-Beach-Dr-NE-98346/home/2368728,NWMLS,1466822,N,Y,47.8495548,-122.5081187
PAST SALE,September-27-2019,Single Family Residential,28569 Gamble Bay Rd,Kingston,WA,98346,770000,0,,Kingston,3456,89298,1990,345,223,,Sold,,,http://www.redfin.com/WA/Kingston/28569-Gamble-Bay-Rd-NE-98346/home/2237431,NWMLS,1525862,N,Y,47.823461,-122.563302
PAST SALE,October-18-2019,Mobile/Manufactured Home,5431 NE Haig Pl,Kingston,WA,98346,289000,3,2,Gamblewood,1637,18295,1988,324,177,,Sold,,,http://www.redfin.com/WA/Kingston/5431-Haig-Pl-NE-98346/home/2366240,NWMLS,1512526,N,Y,47.8100569,-122.5753712
PAST SALE,January-10-2020,Vacant Land,Lot 42 Hood Canal Dr NE,Hansville,WA,98340,95500,0,,Hansville,,34848,,240,,,Sold,,,http://www.redfin.com/WA/Hansville/Hood-Canal-Dr-NE-Unknown/home/144838014,NWMLS,1493572,N,Y,47.869263,-122.569783
PAST SALE,August-16-2019,Single Family Residential,33687 Hood Canal Dr NE,Kingston,WA,98346,862000,3,2.75,Hood Canal,3158,38333,1999,387,273,,Sold,,,http://www.redfin.com/WA/Kingston/33687-Hood-Canal-Dr-NE-98346/home/2288676,NWMLS,1449661,N,Y,47.8682097,-122.571366
PAST SALE,October-31-2019,Vacant Land,Lot #8 NE Ohman Rd,Kingston,WA,98346,157000,0,,Eglon,,424710,,311,,,Sold,,,http://www.redfin.com/WA/Hansville/NE-Ohman-Rd-98346/home/40031319,NWMLS,1091457,N,Y,47.881186,-122.534629
PAST SALE,August-14-2019,Single Family Residential,23501 Germaine Ln NE,Kingston,WA,98346,479000,3,1.75,Kingston,1760,101495,2000,389,272,,Sold,,,http://www.redfin.com/WA/Kingston/23501-Germaine-Ln-NE-98346/home/2149311,NWMLS,1486573,N,Y,47.7736295,-122.5126363
PAST SALE,December-26-2019,Single Family Residential,26468 Kingsview Lp NE,Kingston,WA,98346,467000,4,2.75,Kingston,2618,8712,1978,255,178,,Sold,,,http://www.redfin.com/WA/Kingston/26468-Kingsview-Loop-NE-98346/home/2370360,NWMLS,1545928,N,Y,47.8037558,-122.4964403
PAST SALE,November-13-2019,Vacant Land,Husky (25Acres) Ln NE,Kingston,WA,98346,115000,0,,Kingston,,1089999,,298,,,Sold,,,http://www.redfin.com/WA/Unknown/NE-Husky-Ln-98346/home/144317732,NWMLS,736967,N,Y,47.844616,-122.535377
PAST SALE,November-6-2019,Single Family Residential,33266 Eglon Rd NE,Kingston,WA,98346,824900,3,3,Eglon,3865,39640,1998,305,213,,Sold,,,http://www.redfin.com/WA/Kingston/33266-Eglon-Rd-NE-98346/home/2149502,NWMLS,1341266,N,Y,47.8642257,-122.5152355
PAST SALE,August-16-2019,Single Family Residential,27219 Woodside Rd NE,Kingston,WA,98346,330000,3,1.75,Gamblewood,1540,9583,1992,387,214,,Sold,,,http://www.redfin.com/WA/Kingston/27219-Woodside-Rd-NE-98346/home/2366060,NWMLS,1487326,N,Y,47.8098258,-122.5723621
PAST SALE,October-15-2019,Single Family Residential,11767 NE Glavin Ln,Kingston,WA,98346,325000,4,2.5,Kingston,1295,27878,1992,327,251,,Sold,,,http://www.redfin.com/WA/Kingston/11767-NE-Glavin-Ln-98346/home/2256406,NWMLS,1504728,N,Y,47.8101364,-122.4915468
PAST SALE,January-16-2020,Single Family Residential,23920 Jefferson Point Rd NE,Kingston,WA,98346,1487930,3,2.75,President Point,2107,45302,1989,234,706,,Sold,,,http://www.redfin.com/WA/Kingston/23920-Jefferson-Point-Rd-NE-98346/home/2379620,NWMLS,1504747,N,Y,47.779387,-122.483802
PAST SALE,October-19-2018,Condo/Co-op,26331 Illinois Ave NE Unit C103,Kingston,WA,98346,300000,3,2,Kingston,1375,,1999,688,218,521,Sold,,,http://www.redfin.com/WA/Kingston/26331-Illinois-Ave-NE-98346/unit-C103/home/2512076,NWMLS,1365514,N,Y,47.8017685,-122.4949054
PAST SALE,March-8-2019,Single Family Residential,26594 NE Fireball Way #16,Kingston,WA,98346,435000,3,3.25,Kingston,2480,3049,2018,548,175,,Sold,,,http://www.redfin.com/WA/Kingston/NE-Fireball-Way-98346/unit-16/home/144623097,NWMLS,1229470,N,Y,47.803571,-122.499383
PAST SALE,December-31-2019,Mobile/Manufactured Home,20560 Stephen Dr NE,Kingston,WA,98346,215000,3,2,Jefferson Beach,1512,18295,1992,250,142,,Sold,,,http://www.redfin.com/WA/Kingston/20560-Stephen-Dr-NE-98346/home/2374697,NWMLS,1533012,N,Y,47.7490779,-122.4862114
PAST SALE,August-19-2019,Single Family Residential,24659 Hillbend Ln NE,Kingston,WA,98346,520000,4,3,Kingston,3154,24829,1998,384,165,17,Sold,,,http://www.redfin.com/WA/Kingston/24659-Hillbend-Ln-NE-98346/home/2305375,NWMLS,1465139,N,Y,47.7843106,-122.5083847
PAST SALE,November-29-2018,Vacant Land,9965 NE Kingston Farm Rd,Kingston,WA,98346,214500,0,,Kingston,,202990,,647,,,Sold,,,http://www.redfin.com/WA/Unknown/NE-Kingston-Farm-Rd-98346/home/142660977,NWMLS,1156123,N,Y,47.821546,-122.513018
PAST SALE,December-7-2018,Single Family Residential,27500 Jane Place NE,Kingston,WA,98346,429000,4,2.5,Kingston,2160,130680,1994,639,199,,Sold,,,http://www.redfin.com/WA/Kingston/27500-Jane-Pl-NE-98346/home/2475175,NWMLS,1329987,N,Y,47.8120466,-122.5657813
PAST SALE,February-29-2020,Vacant Land,20895 President Point Rd,Kingston,WA,98346,89000,0,,President Point,,29185,,190,,,Sold,,,http://www.redfin.com/WA/Kingston/20879-President-Point-Rd-NE-98346/home/144327803,NWMLS,1553069,N,Y,47.750721,-122.476419
PAST SALE,January-25-2019,Single Family Residential,26413 NE Barrett Rd,Kingston,WA,98346,276000,3,2,Kingston,1224,4356,2002,590,225,,Sold,,,http://www.redfin.com/WA/Kingston/26413-Barrett-Rd-NE-98346/home/2522211,NWMLS,1386179,N,Y,47.8010194,-122.5090067
PAST SALE,September-13-2019,Single Family Residential,29035 Gamble Pl NE,Kingston,WA,98346,875000,3,2.75,Kingston,3626,53579,1978,359,241,,Sold,,,http://www.redfin.com/WA/Kingston/29035-Gamble-Pl-NE-98346/home/2364824,NWMLS,1430697,N,Y,47.8271838,-122.5674684
PAST SALE,December-2-2019,Single Family Residential,27852 McIntosh Lp NE,Kingston,WA,98346,659800,3,2.5,Kingston,2578,19602,2018,279,256,,Sold,,,http://www.redfin.com/WA/Kingston/27852-McIntosh-Loop-NE-98346/home/102832223,NWMLS,1388398,N,Y,47.8137407,-122.5011003
PAST SALE,November-27-2019,Single Family Residential,27422 Ohio NE,Kingston,WA,98346,725000,4,3,Kingston,2850,71438,1944,284,254,,Sold,,,http://www.redfin.com/WA/Kingston/27422-Ohio-Ave-NE-98346/home/53400056,NWMLS,1512042,N,Y,47.8117646,-122.4838716
PAST SALE,December-13-2019,Mobile/Manufactured Home,27504 Serene Dr NE,Kingston,WA,98346,295000,3,2,Gamblewood,1600,9583,2019,268,184,5,Sold,,,http://www.redfin.com/WA/Kingston/27504-Serene-Dr-NE-98346/home/22091059,NWMLS,1535990,N,Y,47.812361,-122.574916
PAST SALE,,Single Family Residential,25814 Highland Rd NE,Kingston,WA,98346,155000,3,2.5,,2456,108900,1991,,63,,,,,http://www.redfin.com/WA/Kingston/25814-Highland-Rd-NE-98346/home/2274421,,,N,Y,47.7975384,-122.549261
PAST SALE,June-28-2019,Single Family Residential,7973 NE Sunnywoods Ln,Kingston,WA,98346,498000,3,2.5,Kingston,2930,21780,1990,436,170,25,Sold,,,http://www.redfin.com/WA/Kingston/7973-NE-Sunnywoods-Ln-98346/home/2466650,NWMLS,1450176,N,Y,47.8181248,-122.5424458
PAST SALE,August-19-2019,Townhouse,10563 NE Kingston Meadows Cir,Kingston,WA,98346,275000,3,2.25,Kingston,1278,2178,2003,384,215,413,Sold,,,http://www.redfin.com/WA/Kingston/10563-NE-Kingston-Meadows-Cir-98346/home/2536060,NWMLS,1482656,N,Y,47.8063164,-122.5052264
PAST SALE,,Condo/Co-op,26291 NE Pennsylvania Ave #404,Kingston,WA,98346,465000,2,2,,1375,,1995,,338,,,,,http://www.redfin.com/WA/Kingston/26291-NE-Pennsylvania-Ave-98346/unit-404/home/2512672,,,N,Y,47.8019642,-122.4974792
PAST SALE,December-3-2019,Single Family Residential,12936 NE Mary Lou Ln,Kingston,WA,98346,600000,3,1.5,Kingston,1670,24829,1924,278,359,,Sold,,,http://www.redfin.com/WA/Kingston/12936-NE-Mary-Lou-Ln-98346/home/2463279,NWMLS,1498426,N,Y,47.763942,-122.4732089
PAST SALE,August-10-2020,Single Family Residential,12623 NE Philip Dr,Kingston,WA,98346,475000,3,1.75,Jefferson Beach,1596,37026,2003,27,298,13,Sold,,,http://www.redfin.com/WA/Kingston/12623-NE-Philip-Dr-98346/home/2374792,NWMLS,1622953,N,Y,47.7513156,-122.4791494
PAST SALE,July-10-2020,Single Family Residential,10813 NE Apple Tree Point Ln,Kingston,WA,98346,599950,3,2.5,Kingston,2068,15246,2019,58,290,45,Sold,,,http://www.redfin.com/WA/Kingston/NE-Apple-Tree-Point-Ln-98346/home/101608536,NWMLS,1440192,N,Y,47.813249,-122.502071
PAST SALE,May-28-2020,Single Family Residential,27314 Fern Gully Pl NE,Kingston,WA,98346,445000,3,2,Kingston,1704,110207,1992,101,261,,Sold,,,http://www.redfin.com/WA/Kingston/27314-Ferngully-Pl-NE-98346/home/2128379,NWMLS,1594602,N,Y,47.8126024,-122.5217604
PAST SALE,July-24-2020,Single Family Residential,12340 NE Marine View Dr,Kingston,WA,98346,870000,3,3,Kingston,3074,121968,1997,44,283,,Sold,,,http://www.redfin.com/WA/Kingston/12340-NE-Marine-View-Dr-98346/home/2468403,NWMLS,1597271,N,Y,47.746541,-122.485972
PAST SALE,February-20-2020,Single Family Residential,27853 McIntosh Lp NE,Kingston,WA,98346,674950,3,2.5,Kingston,2578,19602,2019,199,262,45,Sold,,,http://www.redfin.com/WA/Kingston/27853-McIntosh-Loop-NE-98346/home/92881205,NWMLS,1438663,N,Y,47.8137366,-122.500155
PAST SALE,May-26-2020,Townhouse,11312 NE 2nd St #4,Kingston,WA,98346,415000,2,2.5,Kingston,1524,2178,1999,103,272,125,Sold,,,http://www.redfin.com/WA/Kingston/11312-NE-2nd-St-98346/unit-4/home/2518177,NWMLS,1584780,N,Y,47.7998959,-122.4963905
PAST SALE,September-3-2020,Condo/Co-op,26425 Pennsylvania Ave NE Unit A27,Kingston,WA,98346,209000,2,1,Kingston,844,,1980,3,248,244,Sold,,,http://www.redfin.com/WA/Kingston/26425-NE-Pennsylvania-Ave-98346/unit-A27/home/172558603,NWMLS,1635090,N,Y,47.8022884,-122.4970657
PAST SALE,October-18-2018,Condo/Co-op,26331 Illinois Ave Unit C-101,Kingston,WA,98346,252000,2,2,Kingston,980,,1999,689,257,350,Sold,,,http://www.redfin.com/WA/Kingston/26331-Illinois-Ave-NE-98346/unit-C-101/home/147037198,NWMLS,1360214,N,Y,47.8017685,-122.4949054
PAST SALE,October-12-2018,Single Family Residential,10985 NE West Kingston Rd,Kingston,WA,98346,785995,3,2.75,Kingston,2457,9148,1987,695,320,,Sold,,,http://www.redfin.com/WA/Kingston/10985-NE-West-Kingston-Rd-98346/home/2367583,NWMLS,1333976,N,Y,47.7980975,-122.5010236
PAST SALE,April-29-2019,Vacant Land,9234 Lot 15 Country Woods Ln NE,Kingston,WA,98346,110000,0,,Eglon,,223768,,496,,,Sold,,,http://www.redfin.com/WA/Kingston/9234-NE-Country-Woods-Ln-98346/home/52342129,NWMLS,1157674,N,Y,47.85668,-122.526475
PAST SALE,December-6-2019,Vacant Land,State Route Hwy 104,Kingston,WA,98346,175000,0,,Kingston,,134165,,275,,,Sold,,,http://www.redfin.com/WA/Kingston/Unknown-Unknown/home/160670117,NWMLS,701253,N,Y,47.8095,-122.525484
PAST SALE,June-4-2020,Vacant Land,Iron Ln NE,Kingston,WA,98346,112500,0,,Kingston,,219978,,94,,,Sold,,,http://www.redfin.com/WA/Unknown/NE-Iron-Ln-98346/home/147124169,NWMLS,1612401,N,Y,47.819034,-122.537441
PAST SALE,July-16-2020,Vacant Land,Lot 27 NE West Kingston Rd,Kingston,WA,98346,194950,0,,Kingston,,218000,,52,,,Sold,,,http://www.redfin.com/WA/Kingston/Lot-27-NE-West-Kingston-Rd-98346/home/170471412,NWMLS,1559358,N,Y,47.797427,-122.528861
PAST SALE,July-14-2020,Single Family Residential,5625 NE Meadow Rd,Kingston,WA,98346,330000,3,1,Gamblewood,1118,10454,1985,54,295,,Sold,,,http://www.redfin.com/WA/Kingston/5625-NE-Meadow-Rd-98346/home/2366189,NWMLS,1608562,N,Y,47.8105225,-122.573556
PAST SALE,July-1-2020,Single Family Residential,34652 Hood Canal Dr NE,Kingston,WA,98346,572000,3,2.25,Hood Canal,1896,25265,2005,67,302,10,Sold,,,http://www.redfin.com/WA/Kingston/34652-Hood-Canal-Dr-NE-98346/home/2362374,NWMLS,1596019,N,Y,47.8774471,-122.5707823
PAST SALE,August-19-2020,Single Family Residential,27442 Baywood Dr NE,Kingston,WA,98346,352500,3,2,Gamblewood,1252,10019,1994,18,282,4,Sold,,,http://www.redfin.com/WA/Kingston/27442-Baywood-Dr-NE-98346/home/17085967,NWMLS,1618151,N,Y,47.8117402,-122.5764505
PAST SALE,July-29-2020,Single Family Residential,27167 Gamble Bay Rd NE,Kingston,WA,98346,354500,3,2,Kingston,1592,10890,1997,39,223,5,Sold,,,http://www.redfin.com/WA/Kingston/27167-Gamble-Bay-Rd-NE-98346/home/2366213,NWMLS,1628122,N,Y,47.80954,-122.5746153
PAST SALE,March-20-2020,Single Family Residential,33018 Hoffman Rd NE,Kingston,WA,98346,925000,4,3,Eglon,2449,45738,2003,170,378,,Sold,,,http://www.redfin.com/WA/Kingston/33018-Hoffman-Rd-NE-98346/home/2149464,NWMLS,1554551,N,Y,47.8613786,-122.5145473
PAST SALE,April-30-2020,Vacant Land,lot 1 Parcells Rd,Kingston,WA,98346,161000,0,,Kingston,,223463,,129,,,Sold,,,http://www.redfin.com/WA/Kingston/lot-1-Parcells-Rd-NE-98346/home/167111802,NWMLS,1476654,N,Y,47.824922,-122.521619
PAST SALE,August-7-2020,Single Family Residential,9300 NE White Horse Dr,Kingston,WA,98346,822500,4,3.5,Kingston,3912,40075,2006,30,210,70,Sold,,,http://www.redfin.com/WA/Kingston/9300-NE-White-Horse-Dr-98346/home/8190848,NWMLS,1607255,N,Y,47.7727456,-122.5245038
PAST SALE,January-10-2020,Single Family Residential,27495 Parcells Rd NE,Kingston,WA,98346,348000,4,1.75,Kingston,1908,60984,1976,240,182,,Sold,,,http://www.redfin.com/WA/Kingston/27495-Parcells-Rd-NE-98346/home/2253097,NWMLS,1542569,N,Y,47.8107904,-122.5195792
PAST SALE,February-14-2020,Single Family Residential,11554 NE Skyward Lp,Kingston,WA,98346,759000,4,2.5,Kingston,3398,22216,2001,205,223,,Sold,,,http://www.redfin.com/WA/Kingston/11554-NE-Skyward-Loop-98346/home/2516689,NWMLS,1560152,N,Y,47.806064,-122.4906508
PAST SALE,April-6-2020,Vacant Land,7600 NE Hwy 104,Kingston,WA,98346,125000,0,,Kingston,,202990,,153,,,Sold,,,http://www.redfin.com/WA/Kingston/7600-Washington-104-98346/home/169357283,NWMLS,1524882,N,Y,47.8095303,-122.5424605
PAST SALE,August-7-2020,Single Family Residential,26013 Miller Bay Rd NE,Kingston,WA,98346,480000,3,2,Kingston,3320,117612,1932,30,145,,Sold,,,http://www.redfin.com/WA/Kingston/26013-Miller-Bay-Rd-NE-98346/home/2274276,NWMLS,1592536,N,Y,47.7994311,-122.5424881
PAST SALE,April-1-2020,Single Family Residential,23166 Aslan Pl NE,Kingston,WA,98346,899950,3,3.5,Kingston,3313,17424,2007,158,272,70,Sold,,,http://www.redfin.com/WA/Kingston/23166-Aslan-Pl-NE-98346/home/12099306,NWMLS,1531191,N,Y,47.7718914,-122.51676
PAST SALE,March-13-2020,Vacant Land,999 South Kingston Rd NE,Kingston,WA,98346,245000,0,,Kingston,,636412,,177,,,Sold,,,http://www.redfin.com/WA/Kingston/999-S-Kingston-Rd-NE-Unknown/home/170520447,NWMLS,1558919,N,Y,47.773199,-122.506935
PAST SALE,August-7-2020,Vacant Land,26800 Washington Blvd,Kingston,WA,98346,85000,0,,Kingston,,49223,,30,,,Sold,,,http://www.redfin.com/WA/Kingston/26800-Washington-Blvd-NE-98346/home/51677926,NWMLS,1112288,N,Y,47.8028386,-122.4886429
PAST SALE,July-9-2020,Single Family Residential,23142 NE Aslan Pl,Kingston,WA,98346,825000,3,2.5,Kingston,3130,21780,2015,59,264,70,Sold,,,http://www.redfin.com/WA/Kingston/23142-Aslan-Pl-NE-98346/home/49875712,NWMLS,1595585,N,Y,47.7714751,-122.5171231
PAST SALE,July-14-2020,Single Family Residential,26445 NE Fireball Way Lot 7,Kingston,WA,98346,490000,4,2.5,Kingston,2047,3920,2020,54,239,25,Sold,,,http://www.redfin.com/WA/Kingston/26445-NE-Fireball-Way-98346/unit-7/home/167436633,NWMLS,1539887,N,Y,47.802304,-122.499098
PAST SALE,June-30-2020,Single Family Residential,23056 Seatter Rd NE,Kingston,WA,98346,465000,3,1.75,Kingston,1524,43560,1991,68,305,,Sold,,,http://www.redfin.com/WA/Kingston/23056-Seatter-Rd-NE-98346/home/2142863,NWMLS,1607707,N,Y,47.7718988,-122.4862233
PAST SALE,August-14-2020,Single Family Residential,8950 NE Nature Way,Kingston,WA,98346,552000,2,1.75,Kingston,1200,383764,2015,23,460,,Sold,,,http://www.redfin.com/WA/Kingston/8950-NE-Nature-Way-98346/home/17922145,NWMLS,1621012,N,Y,47.831217,-122.530422
PAST SALE,February-14-2020,Condo/Co-op,26425 Pennsylvania Ave NE #14,Kingston,WA,98346,190000,2,1,Kingston,844,,1980,205,225,224,Sold,,,http://www.redfin.com/WA/Kingston/26425-NE-Pennsylvania-Ave-98346/unit-14/home/170150451,NWMLS,1549456,N,Y,47.8022884,-122.4970657
PAST SALE,April-3-2019,Vacant Land,34346 Bodine Rd NE,Kingston,WA,98346,140000,0,,Eglon,,104108,,522,,,Sold,,,http://www.redfin.com/WA/Kingston/34346-Bodine-Rd-NE-98346/home/2298860,NWMLS,1374120,N,Y,47.8763358,-122.5244641
PAST SALE,October-18-2019,Single Family Residential,23893 Jefferson Point Rd NE,Kingston,WA,98346,459000,2,2.5,Kingston,2212,11326,2001,324,208,,Sold,,,http://www.redfin.com/WA/Kingston/23893-Jefferson-Point-Rd-NE-98346/home/2379437,NWMLS,1438365,N,Y,47.7795378,-122.485319
PAST SALE,October-23-2019,Single Family Residential,23165 Panorama Pl NE,Kingston,WA,98346,819000,3,2.25,Kingston,3916,17424,2006,319,209,75,Sold,,,http://www.redfin.com/WA/Kingston/23165-Panorama-Pl-NE-98346/home/2539345,NWMLS,1445370,N,Y,47.7720462,-122.5161365
PAST SALE,October-16-2019,Single Family Residential,11765 NE Felicity Ln,Kingston,WA,98346,310000,1,0.75,Jefferson Beach,2880,110642,2001,326,108,,Sold,,,http://www.redfin.com/WA/Kingston/11765-NE-Felicity-Ln-98346/home/52355947,NWMLS,1477545,N,Y,47.7708676,-122.4922583
PAST SALE,January-16-2020,Single Family Residential,27793 Gamble Bay Rd NE,Kingston,WA,98346,356000,3,1.75,Gamblewood,1344,18731,1991,234,265,7,Sold,,,http://www.redfin.com/WA/Kingston/27793-Gamble-Bay-Rd-NE-98346/home/2364975,NWMLS,1509828,N,Y,47.8149297,-122.574049
PAST SALE,November-25-2019,Single Family Residential,34627 Bridge View Dr NE,Kingston,WA,98346,400000,3,3,Kingston,2130,22651,2006,286,188,9,Sold,,,http://www.redfin.com/WA/Kingston/34627-Bridge-View-Dr-NE-98346/home/11762161,NWMLS,1527149,N,Y,47.8770524,-122.5701254
PAST SALE,June-28-2019,Single Family Residential,"Lots B,C Coveview Ln NE",Kingston,WA,98346,535000,2,1,Kingston,1092,31363,1961,436,490,,Sold,,,http://www.redfin.com/WA/Kingston/Lots-B-C-Coveview-LN-NE-Unknown/home/164671195,NWMLS,1444755,N,Y,47.797797,-122.505059
PAST SALE,October-31-2019,Single Family Residential,10761 NE Red Cedar Way,Kingston,WA,98346,445000,3,2,Kingston,1720,26136,1998,311,259,,Sold,,,http://www.redfin.com/WA/Kingston/10761-NE-Red-Cedar-Way-98346/home/2367959,NWMLS,1525360,N,Y,47.8123236,-122.506218
PAST SALE,March-20-2020,Single Family Residential,26060 James Ln NE,Kingston,WA,98346,485000,3,2.5,Kingston,2564,6970,2006,170,189,,Sold,,,http://www.redfin.com/WA/Kingston/26060-James-Ln-NE-98346/home/2263770,NWMLS,1560308,N,Y,47.7990617,-122.5050047
PAST SALE,January-1-2020,Single Family Residential,8981 NE State Hwy 104,Kingston,WA,98346,375000,3,1.75,Kingston,1345,95832,1996,249,279,,Sold,,,http://www.redfin.com/WA/Kingston/8981-NE-State-Hwy-104-98346/home/2268475,NWMLS,1533318,N,Y,47.808967,-122.5273081
PAST SALE,March-31-2020,Single Family Residential,27781 McIntosh Lp NE,Kingston,WA,98346,659900,3,2.5,Kingston,2390,19166,2019,159,276,,Sold,,,http://www.redfin.com/WA/Kingston/27781-McIntosh-Loop-NE-98346/home/168708168,NWMLS,1540394,N,Y,47.8156255,-122.5002284
PAST SALE,May-15-2020,Mobile/Manufactured Home,9019 NE Leprechaun Ln,Kingston,WA,98346,274000,3,1.5,Kingston,1656,112385,1983,114,165,,Sold,,,http://www.redfin.com/WA/Kingston/9019-NE-Leprechaun-Ln-98346/home/2247961,NWMLS,1549092,N,Y,47.817181,-122.52875
PAST SALE,October-3-2018,Single Family Residential,23512 NE Seatter Rd,Kingston,WA,98346,635000,3,2.5,Jefferson Beach,2612,57499,1974,704,243,,Sold,,,http://www.redfin.com/WA/Kingston/23512-Seatter-Rd-NE-98346/home/2379571,NWMLS,1336951,N,Y,47.7759743,-122.4866589
PAST SALE,September-11-2018,Multi-Family (2-4 Unit),10713 NE Rhody Wy,Kingston,WA,98346,514000,5,5,Kingston,2684,3485,2014,726,192,88,Sold,,,http://www.redfin.com/WA/Kingston/10713-NE-Rhody-Way-98346/home/101608506,NWMLS,1335616,N,Y,47.8052538,-122.5045191
PAST SALE,,Single Family Residential,10965 NE West Kingston Rd,Kingston,WA,98346,332500,1,1,,432,9148,1970,,770,,,,,http://www.redfin.com/WA/Kingston/10965-NE-West-Kingston-Rd-98346/home/2367597,,,N,Y,47.7981111,-122.5012317
PAST SALE,,Single Family Residential,29898 Gamble Pl NE,Kingston,WA,98346,323785,3,2,,1528,23087,1972,,212,,,,,http://www.redfin.com/WA/Kingston/29898-Gamble-Pl-NE-98346/home/167213308,,,N,Y,47.8334133,-122.5638575
PAST SALE,October-12-2018,Single Family Residential,9296 NE Leprechaun Lane,Kingston,WA,98346,550000,4,2.5,Kingston,2188,116305,2008,695,251,,Sold,,,http://www.redfin.com/WA/Kingston/9296-NE-Leprechaun-Ln-98346/home/18602079,NWMLS,1354112,N,Y,47.8172597,-122.5214365
PAST SALE,November-30-2018,Mobile/Manufactured Home,12100 NE Philip Place,Kingston,WA,98346,285000,3,2,Jefferson Beach,1600,18295,2018,646,178,9,Sold,,,http://www.redfin.com/WA/Kingston/12100-Philip-Pl-NE-98346/home/79086581,NWMLS,1367321,N,Y,47.750865,-122.4860389
PAST SALE,April-3-2020,Vacant Land,23985 Strawberry Ln NE,Kingston,WA,98346,137500,0,,Kingston,,87120,,156,,,Sold,,,http://www.redfin.com/WA/Kingston/23985-Strawberry-Ln-NE-98346/home/147402707,NWMLS,1577000,N,Y,47.7793149,-122.498065
PAST SALE,March-4-2020,Single Family Residential,24155 Taree Dr NE,Kingston,WA,98346,467000,3,2,Kingston,2112,18731,2017,186,221,13,Sold,,,http://www.redfin.com/WA/Kingston/24155-Taree-Dr-NE-98346/home/103489320,NWMLS,1552704,N,Y,47.7829959,-122.5009627
PAST SALE,January-22-2020,Single Family Residential,27481 lindvog Rd NE,Kingston,WA,98346,300000,2,1.75,Kingston,1130,100188,1975,228,265,,Sold,,,http://www.redfin.com/WA/Kingston/27481-Lindvog-Rd-NE-98346/home/2367957,NWMLS,1543085,N,Y,47.8118896,-122.5048173
PAST SALE,January-31-2019,Single Family Residential,10782 NE Old Growth Lp Lot 12,Kingston,WA,98346,387000,3,2.5,Kingston,1532,1742,2018,584,253,44,Sold,,,http://www.redfin.com/WA/Kingston/10782-Old-Growth-Loop-98346/unit-12/home/146489117,NWMLS,1340340,N,Y,47.8061711,-122.503964
PAST SALE,June-28-2019,Mobile/Manufactured Home,8307 NE 360th St,Hansville,WA,98340,335000,3,3,Hansville,1980,229126,2004,436,169,,Sold,,,http://www.redfin.com/WA/Hansville/8307-NE-360th-St-98340/home/2268974,NWMLS,1463732,N,Y,47.8886335,-122.5339391
PAST SALE,May-30-2019,Mobile/Manufactured Home,12445 NE Paul Dr,Kingston,WA,98346,240000,3,1.75,Jefferson Beach,1512,17860,1998,465,159,,Sold,,,http://www.redfin.com/WA/Kingston/12445-NE-Paul-Dr-98346/home/2374348,NWMLS,1434484,N,Y,47.7480202,-122.4812767
PAST SALE,June-25-2019,Single Family Residential,13280 NE James Way,Kingston,WA,98346,1275000,3,1.75,President Point,2012,16988,1992,439,634,,Sold,,,http://www.redfin.com/WA/Kingston/13280-NE-James-Way-98346/home/2172977,NWMLS,1434708,N,Y,47.7660421,-122.4726852
PAST SALE,July-3-2019,Vacant Land,"29671 Rash Rd, NE",Kingston,WA,98346,165000,0,,Kingston,,217800,,431,,,Sold,,,http://www.redfin.com/WA/Kingston/29671-Rash-Rd-NE-98346/home/160937966,NWMLS,1429984,N,Y,47.828529,-122.525752
PAST SALE,June-28-2019,Single Family Residential,24885 Kimre Pl NE,Kingston,WA,98346,457000,3,2.5,Kingston,1963,20038,1995,436,233,,Sold,,,http://www.redfin.com/WA/Kingston/24885-Kimre-Pl-NE-98346/home/2305293,NWMLS,1421933,N,Y,47.7870863,-122.504243
PAST SALE,July-31-2019,Single Family Residential,11806 NE Kukas Lp,Kingston,WA,98346,315000,4,1.75,Kingston,1382,3920,2011,403,228,23,Sold,,,http://www.redfin.com/WA/Kingston/11806-NE-Kukas-Loop-98346/home/35634752,NWMLS,1480202,N,Y,47.8050337,-122.492714
PAST SALE,June-4-2019,Single Family Residential,23585 Jefferson Point Rd NE,Kingston,WA,98346,425000,3,2,Kingston,1598,14375,1989,460,266,,Sold,,,http://www.redfin.com/WA/Kingston/23585-Jefferson-Point-Rd-NE-98346/home/2379580,NWMLS,1397735,N,Y,47.7760618,-122.4851972
PAST SALE,May-31-2019,Single Family Residential,21142 Jefferson Beach Rd NE,Kingston,WA,98346,307700,3,2,Jefferson Beach,1453,30056,1978,464,212,9,Sold,,,http://www.redfin.com/WA/Kingston/21142-Jefferson-Beach-Rd-NE-98346/home/2374904,NWMLS,1438819,N,Y,47.7543174,-122.4775418
PAST SALE,January-6-2020,Single Family Residential,24005 Newellhurst Cir NE,Kingston,WA,98346,561000,3,1.75,Kingston,2363,87120,2000,244,237,,Sold,,,http://www.redfin.com/WA/Kingston/24005-Newellhurst-Cir-NE-98346/home/2383605,NWMLS,1545282,N,Y,47.7761216,-122.4954878
PAST SALE,March-10-2020,Single Family Residential,23164 Panorama Pl NE,Kingston,WA,98346,999000,3,3.5,Kingston,4386,18731,2011,180,228,75,Sold,,,http://www.redfin.com/WA/Kingston/23164-Panorama-Pl-NE-98346/home/11762407,NWMLS,1452999,N,Y,47.7721261,-122.5153424
PAST SALE,August-11-2020,Single Family Residential,24921 Kimre Pl NE,Kingston,WA,98346,435000,3,2.5,Kingston,1558,20037,2003,26,279,,Sold,,,http://www.redfin.com/WA/Kingston/24921-Kimre-Pl-NE-98346/home/2305321,NWMLS,1630570,N,Y,47.7845569,-122.5042169
PAST SALE,August-19-2020,Single Family Residential,9760 White Horse Dr,Kingston,WA,98346,778000,4,3.5,Kingston,4217,24829,2008,18,184,75,Sold,,,http://www.redfin.com/WA/Kingston/9760-NE-White-Horse-Dr-98346/home/2539370,NWMLS,1591942,N,Y,47.7724099,-122.5185821
PAST SALE,March-31-2020,Single Family Residential,26109 NE 2nd St,Kingston,WA,98346,510000,2,1.5,Kingston,2160,5785,1929,159,236,,Sold,,,http://www.redfin.com/WA/Kingston/26109-NE-2nd-St-98346/home/168676151,NWMLS,1566627,N,Y,47.799579,-122.496886
PAST SALE,April-30-2020,Single Family Residential,10481 NE West Kingston Rd,Kingston,WA,98346,1250000,3,3.5,Kingston,2618,23522,2005,129,477,,Sold,,,http://www.redfin.com/WA/Kingston/10481-NE-West-Kingston-Rd-98346/home/2367759,NWMLS,1575041,N,Y,47.7959843,-122.5077904
PAST SALE,June-22-2020,Single Family Residential,9657 NE Chuck Way,Kingston,WA,98346,550000,2,0.75,Kingston,1092,443005,1933,76,504,,Sold,,,http://www.redfin.com/WA/Kingston/9657-NE-Chuck-Way-98346/home/2305153,NWMLS,1537883,N,Y,47.7903337,-122.5159736
PAST SALE,,Single Family Residential,30648 Hansville Rd NE,Kingston,WA,98346,391000,4,2,,1736,108900,1988,,225,,,,,http://www.redfin.com/WA/Kingston/30648-Hansville-Rd-NE-98346/home/2193773,,,N,Y,47.840753,-122.5404773
PAST SALE,February-27-2020,Single Family Residential,26431 Barrett Rd NE,Kingston,WA,98346,325000,3,2,Kingston,1136,6098,2002,192,286,,Sold,,,http://www.redfin.com/WA/Kingston/26431-Barrett-Rd-NE-98346/home/2522200,NWMLS,1553543,N,Y,47.800548,-122.509001
PAST SALE,June-10-2020,Single Family Residential,28499 Einar Carlson Ln NE,Kingston,WA,98346,885000,4,3.25,Kingston,2962,217800,2017,88,299,,Sold,,,http://www.redfin.com/WA/Kingston/28499-Einar-Carlson-Ln-NE-98346/home/56755297,NWMLS,1591559,N,Y,47.822445,-122.5183059
PAST SALE,August-3-2020,Mobile/Manufactured Home,8157 NE Forest Home Ln,Kingston,WA,98346,391000,3,2,Kingston,1782,110642,1998,34,219,,Sold,,,http://www.redfin.com/WA/Kingston/8157-NE-Forest-Home-Ln-98346/home/2193640,NWMLS,1620210,N,Y,47.8475853,-122.5376631
PAST SALE,August-30-2019,Single Family Residential,27840 McIntosh Lp NE,Kingston,WA,98346,575000,3,2.5,Kingston,2068,19602,2018,373,278,,Sold,,,http://www.redfin.com/WA/Kingston/27840-McIntosh-Loop-NE-98346/home/102832222,NWMLS,1384610,N,Y,47.8140405,-122.5010989
PAST SALE,October-22-2019,Single Family Residential,29749 Rash Rd NE,Kingston,WA,98346,483000,2,1,Kingston,1198,212573,1920,320,403,,Sold,,,http://www.redfin.com/WA/Kingston/29749-Rash-Rd-NE-98346/home/2220181,NWMLS,1518825,N,Y,47.8326417,-122.5257369
PAST SALE,,Condo/Co-op,26318 Illinois Ave NE,Kingston,WA,98346,260000,3,2,,1150,,1994,,226,,,,,http://www.redfin.com/WA/Kingston/26318-Illinois-Ave-NE-98346/home/2511915,,,N,Y,47.8013715,-122.4954891
PAST SALE,November-22-2019,Single Family Residential,32385 NE Old Hansville Rd,Kingston,WA,98346,540000,3,2.5,Eglon,2312,135907,2006,289,234,,Sold,,,http://www.redfin.com/WA/Kingston/32385-Old-Hansville-Rd-NE-98346/home/2156191,NWMLS,1528859,N,Y,47.8575742,-122.5404084
PAST SALE,June-10-2020,Single Family Residential,27587 Heavenly Pl NE,Kingston,WA,98346,585000,3,2.5,Kingston,2173,135472,1994,88,269,22,Sold,,,http://www.redfin.com/WA/Kingston/27587-Heavenly-Pl-NE-98346/home/2475221,NWMLS,1591803,N,Y,47.8119951,-122.5681106
PAST SALE,June-26-2020,Single Family Residential,5733 NE Grove Ln,Kingston,WA,98346,312000,3,1.75,Gamblewood,1214,9148,1991,72,257,,Sold,,,http://www.redfin.com/WA/Kingston/5733-NE-Grove-Ln-98346/home/2366640,NWMLS,1602794,N,Y,47.8113047,-122.5723146
PAST SALE,August-17-2020,Vacant Land,Sandy Beach Ln NE,Kingston,WA,98346,89000,0,,Kingston,,36590,,20,,,Sold,,,http://www.redfin.com/WA/Unknown/Sandy-Beach-Ln-NE-98346/home/17512583,NWMLS,1562034,N,Y,47.823193,-122.499253
PAST SALE,April-17-2019,Single Family Residential,24442 South Kingston Rd NE,Kingston,WA,98346,453500,2,2.5,Kingston,2143,35284,2004,508,212,,Sold,,,http://www.redfin.com/WA/Kingston/24442-S-Kingston-Rd-NE-98346/home/2536798,NWMLS,1386905,N,Y,47.7841921,-122.5014339
PAST SALE,July-12-2019,Mobile/Manufactured Home,21381 Jefferson Beach Rd,Kingston,WA,98346,268000,2,1.75,Jefferson Beach,1248,35719,1988,422,215,10,Sold,,,http://www.redfin.com/WA/Kingston/21381-Jefferson-Beach-Rd-NE-98346/home/2375029,NWMLS,1457765,N,Y,47.7563392,-122.4784858
PAST SALE,March-17-2020,Single Family Residential,27829 McIntosh Lp NE,Kingston,WA,98346,645000,3,2.5,Kingston,2446,18731,2019,173,264,,Sold,,,http://www.redfin.com/WA/Kingston/27829-McIntosh-Loop-NE-98346/home/148706300,NWMLS,1540447,N,Y,47.8146052,-122.5001699
PAST SALE,September-16-2019,Vacant Land,NE Red Cedar Way Lot D,Kingston,WA,98346,155000,0,,Kingston,,99317,,356,,,Sold,,,http://www.redfin.com/WA/Kingston/NE-Red-Cedar-Way-98346/unit-D/home/160977664,NWMLS,1432974,N,Y,47.813648,-122.505995
PAST SALE,October-28-2019,Vacant Land,21773 Jefferson Beach Rd NE,Kingston,WA,98346,75000,0,,Jefferson Beach,,19602,,314,,,Sold,,,http://www.redfin.com/WA/Kingston/21773-Jefferson-Beach-Rd-NE-98346/home/2375364,NWMLS,1516170,N,Y,47.7601871,-122.4777356
PAST SALE,November-12-2019,Condo/Co-op,26318 Illinois Ave Unit A-104,Kingston,WA,98346,260000,4,2,Kingston,1150,,1994,299,226,385,Sold,,,http://www.redfin.com/WA/Kingston/26318-Illinois-Ave-NE-98346/unit-A-104/home/169084163,NWMLS,1520157,N,Y,47.8013715,-122.4954891
PAST SALE,November-5-2019,Vacant Land,Jefferson Beach Rd NE,Kingston,WA,98346,60000,0,,President Point,,29621,,306,,,Sold,,,http://www.redfin.com/WA/Unknown/Jefferson-Beach-Rd-NE-98346/home/167179003,NWMLS,1485602,N,Y,47.758385,-122.47678
PAST SALE,,Single Family Residential,24420 Madura Dr NE,Kingston,WA,98346,275000,3,1,,960,10454,1978,,286,,,,,http://www.redfin.com/WA/Kingston/24420-Madura-Dr-NE-98346/home/2369683,,,N,Y,47.7816932,-122.5031093
PAST SALE,August-30-2019,Vacant Land,21416 Jefferson Beach Rd,Kingston,WA,98346,99500,0,,Jefferson Beach,,20038,,373,,,Sold,,,http://www.redfin.com/WA/Kingston/21416-Jefferson-Beach-Rd-NE-98346/home/2374945,NWMLS,1498870,N,Y,47.756777,-122.477396
PAST SALE,September-20-2019,Single Family Residential,21555 President Point Rd NE,Kingston,WA,98346,480000,2,2,President Point,1536,29621,1969,352,313,,Sold,,,http://www.redfin.com/WA/Kingston/21555-President-Point-Rd-NE-98346/home/2378822,NWMLS,1490559,N,Y,47.7583981,-122.4748693
PAST SALE,November-27-2019,Mobile/Manufactured Home,22281 Neat Ave NE,Kingston,WA,98346,369000,3,1.75,Jefferson Beach,1782,110207,1991,284,207,,Sold,,,http://www.redfin.com/WA/Kingston/22281-Neat-Ave-NE-98346/home/2203254,NWMLS,1531061,N,Y,47.764304,-122.485669
PAST SALE,,Vacant Land,12555 NE Virginia Ct,Kingston,WA,98346,65000,,,,,23522,,,,,,,,http://www.redfin.com/WA/Kingston/12555-NE-Virginia-Ct-98346/home/21506108,,,N,Y,47.758733,-122.48059
PAST SALE,June-15-2020,Vacant Land,Lot A Tulin Ln NE,Kingston,WA,98346,62500,0,,Kingston,,132858,,83,,,Sold,,,http://www.redfin.com/WA/Kingston/Lot-A-Tulin-LN-NE-Unknown/home/172070555,NWMLS,1615956,N,Y,47.772106,-122.495507
